Created,Recipe,All Ingredients Needed,Star Rating,Meal Type,Sell Price,Energy Restore,Realm,Remy's Realm,Fruit,Grains,Dairy,Fish,Protein,Seafood,Herbs/ Spices,Sweet,Vegetable,Ice,Total in Stock
FALSE,"""My Hero"" Cookie","Wheat, Butter, Vanilla",3,Dessert,295,679,Base Game,FALSE,--,--,Butter,--,--,--,--,Vanilla,Bamboo,--,
FALSE,Apple Cider Glazed Salmon,"Salmon, Apples, Sugarcane",3,Entree,271,1572,Base Game,FALSE,Apples,--,--,Salmon,--,--,--,Sugarcane,--,--,
FALSE,Apple Pie,"Wheat, Butter, Apples",3,Dessert,303,1137,Base Game,TRUE,Apples,Wheat,Butter,--,--,--,--,--,--,--,
FALSE,Apple Sorbet,"Slush Ice, Apples, Sugarcane",3,Dessert,271,1077,Base Game,FALSE,Apples,--,--,--,--,--,--,--,--,Slush Ice,
FALSE,Arendellian Pickled Herring,"Herring, Lemon, Onion, Garlic, Any Herb",5,Appetizer,556,2102,Base Game,FALSE,Lemon,--,--,Herring,--,--,"Any Herb, Garlic",--,Onion,--,
FALSE,Aurora's Cake,"Raspberry, Wheat, Sugarcane, Egg, Milk",5,Dessert,786,2030,Base Game,FALSE,Raspberry,Wheat,"Egg, Milk",--,--,--,--,Sugarcane,--,--,
FALSE,Baked Carp,"Carp, Butter",2,Entree,767,1894,Base Game,FALSE,--,--,Butter,Carp,--,--,--,--,--,--,
FALSE,Banana Ice Cream,"Slush Ice, Banana, Milk, Sugarcane",4,Dessert,641,1884,Base Game,FALSE,--,--,Milk,--,--,--,--,--,--,Slush Ice,
FALSE,Banana Pie,"Wheat, Butter, Banana",3,Dessert,308,1227,Base Game,TRUE,Banana,Wheat,Butter,--,--,--,--,--,--,--,
FALSE,Banana Split,"Slush Ice, Banana, Milk, Sugarcane, Any Sweet",5,Dessert,714,2074,Base Game,FALSE,--,--,Milk,Any Fish,--,--,--,"Any Sweet, Sugarcane",--,Slush Ice,
FALSE,Basil Omelet,"Basil, Egg, Cheese, Milk",4,Entree,982,2035,Base Game,TRUE,--,--,"Egg, Cheese",--,--,--,Basil,--,--,--,
FALSE,Beignets,"Egg, Wheat, Canola, Sugarcane",4,Dessert,524,912,Base Game,FALSE,--,Wheat,"Egg, Canola",--,--,--,--,Sugarcane,--,--,
FALSE,Bell Pepper Puffs,"Bell Pepper, Egg, Cheese",3,Appetizer,606,1272,Base Game,TRUE,--,--,"Egg, Cheese",--,--,--,--,--,Bell Pepper,--,
FALSE,Berry Salad,"Raspberry, Blueberry, Gooseberry",3,Dessert,139,2210,Base Game,FALSE,"Raspberry, Blueberry, Gooseberry",--,--,--,--,--,--,--,--,--,
FALSE,Birthday Cake,"Wheat, Sugarcane, Egg, Butter, Cocoa Beans",5,Dessert,749,2310,Base Game,FALSE,--,Wheat,"Egg, Butter",--,--,--,--,"Cocoa Beans, Sugarcane",--,--,
FALSE,Biscuits,"Wheat, Sugarcane, Butter",3,Dessert,294,679,Base Game,FALSE,--,Wheat,Butter,--,--,--,--,Sugarcane,--,--,
FALSE,Blueberry Pie,"Blueberry, Wheat, Butter",3,Dessert,308,1227,Base Game,FALSE,"Blueberry, Wheat, Butter",Wheat,Butter,--,--,--,--,--,--,--,
FALSE,Boba Tea,"Milk, Sugarcane",2,Dessert,323,714,Base Game,FALSE,--,--,Milk,--,--,--,--,Sugarcane,--,--,
FALSE,Bouillabaisse,"2 x Any Seafood, Shrimp, Tomato, Any Vegetable",5,Entree,671,2114,Base Game,FALSE,--,--,--,--,--,"2 x Any Seafood, Shrimp",--,--,"Any Vegetable, Tomato",--,
FALSE,Brandade de Morue,"Cod, Potato, Milk, Lemon, Garlic",5,Entree,757,2336,Base Game,FALSE,Lemon,--,Milk,Cod,--,--,Garlic,--,Potato,--,
FALSE,Bunuelos,"Milk, Egg, Wheat, Cheese",4,Appetizer,948,"$1,881",Base Game,TRUE,--,Wheat,"Milk, Egg, Cheese",--,--,--,--,--,--,--,
FALSE,Candy,Any Sweet,1,Dessert,22,123,Base Game,FALSE,--,--,--,--,--,--,--,Any Sweet,--,--,
FALSE,Cannoli,"Egg, Wheat, Cheese, Vanilla",4,Dessert,678,1482,Base Game,FALSE,--,Wheat,"Egg, Cheese",--,--,--,--,Vanilla,--,--,
FALSE,Caramel Apples,"Sugarcane, Apples",2,Dessert,56,638,Base Game,FALSE,Apples,--,--,--,--,--,--,Sugarcane,--,--,
FALSE,Carp Salad,"Carp, Lettuce, Lemon",3,Entree,617,2310,Base Game,FALSE,Lemon,--,--,Carp,--,--,--,--,Lettuce,--,
FALSE,Carrot Cake,"Egg, Wheat, Carrot, Sugarcane",4,Dessert,427,908,Base Game,FALSE,--,Wheat,Egg,--,--,--,--,Sugarcane,Carrot,--,
FALSE,Cheese Platter,Cheese,1,Appetizer,216,$482,Base Game,TRUE,--,--,Cheese,--,--,--,--,--,--,--,
FALSE,Cheesecake,"Cheese, Wheat, Sugarcane, Any Fruit",4,Dessert,332,1161,Base Game,FALSE,Any Fruit,Wheat,Cheese,--,--,--,--,Sugarcane,--,--,
FALSE,Cheesy Crispy Baked Cod,"Cod, Cheese, Wheat",3,Entree,303,840,Base Game,FALSE,--,Wheat,Cheese,Cod,--,--,--,--,--,--,
FALSE,Cherry Pie,"Cherry, Wheat, Butter",3,Dessert,326,1497,Base Game,FALSE,Cherry,Wheat,Butter,--,--,--,--,--,--,--,
FALSE,Cheshire Cat Tail,"Cocoa Beans, Wheat, Sugarcane, Egg",4,Dessert,418,1655,Base Game,FALSE,--,Wheat,Egg,--,--,--,--,"Cocoa Beans, Sugarcane",--,--,
FALSE,Chili Pepper Puffs,"Chili Pepper, Egg, Cheese",3,Appetizer,669,1382,Base Game,FALSE,--,--,"Egg, Cheese",--,--,--,--,--,Chili Pepper,--,
FALSE,Chocolate Chip Cookies,"Cocoa Beans, Wheat, Sugarcane, Butter",4,Dessert,373,1569,Base Game,FALSE,--,Wheat,Butter,--,--,--,--,"Cocoa Beans, Sugarcane",--,--,
FALSE,Chocolate Ice Cream,"Cocoa Beans, Sugarcane, Slush Ice, Milk",4,Dessert,655,2074,Base Game,FALSE,--,--,Milk,--,--,--,--,"Cocoa Beans, Sugarcane",--,Slush Ice,
FALSE,Chocolate Waffles,"Cocoa Beans, Wheat, Sugarcane, Milk",4,Dessert,735,2223,Base Game,FALSE,--,Wheat,Milk,--,--,--,--,"Cocoa Beans, Sugarcane",--,--,
FALSE,Chowder,"Any Seafood, Any Vegetable, Milk, Potato",4,Entree,613,1186,Base Game,FALSE,--,--,Milk,--,--,Any Seafood,--,--,"Any Vegetable, Potato",--,
FALSE,Chrysanthemum Tea,"Chrysanthemum Tea Leaves, Blueberry",2,Appetizer,69,644,Base Game,FALSE,Blueberry,--,--,--,--,--,Chrysanthemum Tea Leaves,--,--,--,
FALSE,Coconut Boba Tea,"Milk, Sugarcane, Coconut",3,Dessert,406,1653,Base Game,FALSE,Coconut,--,Milk,--,--,--,--,Sugarcane,--,--,
FALSE,Coconut Cake,"Coconut, Wheat, Egg, Sugarcane",4,Dessert,424,1750,Base Game,FALSE,Coconut,Wheat,Egg,--,--,--,--,Sugarcane,--,--,
FALSE,Coconut Ice Cream,"Coconut, Sugarcane, Slush Ice, Milk",4,Dessert,661,2169,Base Game,FALSE,Coconut,--,Milk,--,--,--,--,Sugarcane,--,Slush Ice,
FALSE,Coffee,Coffee Beans,1,Appetizer,43,$730,Base Game,FALSE,Coffee Beans,--,--,--,--,--,--,--,--,--,
FALSE,Crackers,Any Grain,1,Appetizer,2,80,Base Game,TRUE,--,Any Grain,--,--,--,--,--,--,--,--,
FALSE,Creamy Garlic Scallops,"Scallop, Garlic, Lemon, Butter",4,Entree,499,1844,Base Game,FALSE,Lemon,--,Butter,--,--,Scallop,Garlic,--,--,--,
FALSE,Creamy Soup,"Milk, Any Vegetable, Potato, Any Herb",4,Appetizer,576,1138,Base Game,FALSE,--,--,Milk,--,--,--,Any Herb,--,"Any Vegetable, Potato",--,
FALSE,Crepe,"Wheat, Milk, Egg, Vanilla",4,Dessert,768,1624,Base Game,FALSE,--,Wheat,"Milk, Egg",--,--,--,--,Vanilla,--,--,
FALSE,Crispy Baked Cod,"Cod, Wheat",2,Entree,47,337,Base Game,FALSE,--,Wheat,--,Cod,--,--,--,--,--,--,
FALSE,Crudités,Any Vegetable,1,Appetizer,26,83,Base Game,TRUE,--,--,--,--,--,--,--,--,Any Vegetable,--,
FALSE,Dream Fizz,"Wheat, Slush Ice, Sugarcane, Dreamlight Fruit",4,Appetizer,316,1550,Base Game,FALSE,Dreamlight Fruit,Wheat,--,--,--,--,--,Sugarcane,--,Slush Ice,
FALSE,Dream Ice Cream,"Dreamlight Fruit, Milk, Slush Ice",3,Dessert,558,1158,Base Game,FALSE,Dreamlight Fruit,--,Milk,--,--,--,--,--,--,Slush Ice,
FALSE,Eggplant Puffs,"Egg, Cheese, Eggplant",3,Appetizer,991,"$1,941",Base Game,TRUE,--,--,"Egg, Cheese",--,--,--,--,--,Eggplant,--,
FALSE,Fish 'n' Chips,"Any Fish, Wheat, Canola, Potato",4,Entree,392,697,Base Game,FALSE,--,Wheat,--,Any Fish,--,--,--,--,Potato,--,
FALSE,Fish Creole,"Any Fish, Any Vegetable, Garlic, Rice, Tomato",5,Entree,280,822,Base Game,FALSE,--,Rice,--,Any Fish,--,--,Garlic,--,"Any Vegetable, Tomato",--,
FALSE,Fish Pasta,"Any Fish, Garlic, Wheat, Milk",4,Entree,475,1282,Base Game,FALSE,--,Wheat,Milk,Any Fish,--,--,Garlic,--,--,--,
FALSE,Fish Pie,"Any Fish, Wheat, Butter",3,Entree,303,867,Base Game,TRUE,--,Wheat,Butter,Any Fish,--,--,--,--,--,--,
FALSE,Fish Risotto,"Any Fish, Rice, Butter",3,Entree,386,939,Base Game,FALSE,--,Rice,Butter,Any Fish,--,--,--,--,--,--,
FALSE,Fish Salad,"Any Fish, Lemon, Lettuce",3,Entree,92,1140,Base Game,FALSE,Lemon,--,--,Any Fish,--,--,--,--,Lettuce,--,
FALSE,Fish Sandwiches,"Any Fish, Wheat",2,Entree,34,337,Base Game,TRUE,--,Wheat,--,Any Fish,--,--,--,--,--,--,
FALSE,Fish Soup,"Any Vegetable, Milk, Any Fish",3,Entree,368,978,Base Game,TRUE,--,--,Milk,Any Fish,--,--,--,--,Any Vegetable,--,
FALSE,Fish Steak,"Any Fish, Tomato, Basil",3,Entree,100,537,Base Game,TRUE,--,--,--,Any Fish,--,--,Basil,--,Tomato,--,
FALSE,Fish Tacos,"Any Fish, Corn, Chili Pepper, Cheese",4,Entree,448,1171,Base Game,FALSE,--,--,Cheese,Any Fish,--,--,--,--,"Chili Pepper, Corn",--,
FALSE,French Fries,"Potato, Canola",2,Appetizer,304,342,Base Game,FALSE,--,--,Canola,--,--,--,--,--,Potato,--,
FALSE,Fruit Pie,"Any Fruit, Wheat, Butter",3,Dessert,297,1047,Base Game,FALSE,Any Fruit,Wheat,Butter,--,--,--,--,--,--,--,
FALSE,Fruit Salad,Any Fruit,1,Dessert,25,450,Base Game,TRUE,Any Fruit,Wheat,--,--,--,--,--,--,--,--,
FALSE,Fruit Sorbet,"Slush Ice, Any Fruit",2,Dessert,222,857,Base Game,FALSE,Any Fruit,--,--,--,--,--,--,--,--,Slush Ice,
FALSE,Fruitcake,"3 x Any Fruit, Wheat",4,Dessert,96,1511,Base Game,TRUE,3 x Any Fruit,Wheat,--,--,--,--,--,--,--,--,
FALSE,Fugu Sushi,"Fugu, Rice, Seaweed",3,Entree,1300,3261,Base Game,FALSE,--,Rice,--,Fugu,--,--,--,--,Seaweed,--,
FALSE,Garlic Chocolate Tart,"Cheese, Cocoa Beans, Garlic, Egg, Wheat",5,Dessert,783,"2,458",Base Game,FALSE,--,Wheat,"Cheese, Egg",--,--,--,Garlic,Cocoa Beans,--,--,
FALSE,Gazpacho,"Onion, Tomato, Cucumber, Any Herb",4,Appetizer,556,821,Base Game,TRUE,--,--,--,--,--,--,Any Herb,--,"Cucumber, Tomato, Onion",--,
FALSE,Ghostly Fish Steak,"Asparagus, Lemon, Bell Pepper, Oregano, Here and There Fish",5,Entree,"3,596","3,282",Base Game,FALSE,Lemon,--,--,Here and There Fish,--,--,Oregano,--,"Asparagus, Bell Pepper",--,
FALSE,Gingerbread House,"Wheat, Vanilla, Egg, Ginger, Sugarcane",5,Dessert,641,1460,Base Game,FALSE,--,Wheat,Egg,--,--,--,Nutmeg,"Sugarcane, Vanilla",--,--,
FALSE,Gooseberry Boba Tea,"Milk, Sugarcane, Gooseberry",3,Dessert,418,1833,Base Game,FALSE,Gooseberry,--,Milk,--,--,--,--,Sugarcane,--,--,
FALSE,Gray Stuff,"Any Dairy, Sugarcane, Cocoa Beans",3,Dessert,114,1046,Base Game,FALSE,--,--,Any Dairy,--,--,--,--,"Sugarcane, Cocoa Beans",--,--,
FALSE,Greek Pizza,"Any Herb, Wheat, Cheese, Tomato, Onion",5,Entree,630,1152,Base Game,TRUE,--,Wheat,Cheese,--,--,--,Any Herb,--,"Tomato, Onion",--,
FALSE,Green Salad,"Lettuce, Any Vegetable",2,Appetizer,20,180,Base Game,TRUE,--,--,--,--,--,--,--,--,"Lettuce, Any Vegetable",--,
FALSE,Grilled Fish,Any Fish,1,Entree,30,290,Base Game,TRUE,--,--,--,Any Fish,--,--,--,--,--,--,
FALSE,Grilled Fish Entrée,"Any Fish, Any Vegetable",2,Entree,42,340,Base Game,TRUE,--,--,--,Any Fish,--,--,--,--,Any Vegetable,--,
FALSE,Grilled Vegetables,Any Vegetable,1,Appetizer,9,$83,Base Game,TRUE,--,--,--,--,--,--,--,--,Any Vegetable,--,
FALSE,Grilled Veggie Platter,3 x Any Vegetable,3,Appetizer,33,161,Base Game,TRUE,--,--,--,--,--,--,--,--,3 x Any Vegetable,--,
FALSE,Gumbo,"Okra, Shrimp, Chili Pepper, Tomato, Onion",5,Entree,1000,2226,Base Game,FALSE,--,--,--,--,--,Shrimp,--,--,"Chili Pepper, Okra, Tomato, Onion",--,
FALSE,Halloween Gingerbread Cookies,"Ginger, Pumpkin, Wheat",3,Dessert,1001,735,Base Game,FALSE,--,Wheat,--,--,--,--,Ginger,--,Pumpkin,--,
FALSE,Hard-Boiled Eggs,Egg,1,Appetizer,263,578,Base Game,TRUE,--,--,--,--,--,--,--,--,--,--,
FALSE,Hearty Salad,"2 x Any Vegetable, Lettuce",3,Entree,33,224,Base Game,TRUE,--,--,--,--,--,--,--,--,"2 x Any Vegetable, Lettuce",--,
FALSE,Hors d-Oeuvres,Any Herb,1,Entree,24,$202,Base Game,TRUE,--,--,--,--,--,--,Any Herb,--,--,--,
FALSE,Hot Cocoa,"Milk, Sugarcane, Cocoa Beans",3,Dessert,175,1046,Base Game,FALSE,--,--,Milk,--,--,--,--,"Cocoa Beans, Sugarcane",--,--,
FALSE,Ice Cream,"Slush Ice, Milk, Sugarcane",3,Dessert,558,1158,Base Game,FALSE,--,--,Milk,--,--,--,--,Sugarcane,--,Slush Ice,
FALSE,Jam Waffles,"Any Fruit, Wheat, Egg, Milk",4,Dessert,709,1843,Base Game,TRUE,Any Fruit,Wheat,"Egg, Milk",--,--,--,--,--,--,--,
FALSE,Jasmine Tea,"Jasmine Tea Leaves, Sugarcane",2,Appetizer,56,127,Base Game,FALSE,--,--,--,--,--,--,Jasmine Tea Leaves,Sugarcane,--,--,
FALSE,Joyful Meal,"Wheat, Raspberry, Blueberry, Banana",4,Dessert,120+,"1,938",Base Game,FALSE,"Blueberry, Raspberry, Banana",Wheat,--,--,--,--,--,--,--,--,
FALSE,Kappa Maki,"Seaweed, Cucumber, Rice",3,Entree,335,462,Base Game,FALSE,--,Rice,--,--,--,--,--,--,"Seaweed, Cucumber",--,
FALSE,Kronk's Spinach Puffs,"Spinach, Cheese, Canola",3,Entree,461,750,Base Game,FALSE,--,--,"Cheese, Canola",--,--,--,--,--,Spinach,--,
FALSE,Lancetfish Paella,"Lancetfish, Shrimp, Any Seafood, Tomato, Rice",5,Entree,1700,4550,Base Game,FALSE,--,Rice,--,Lancetfish,--,"Any Seafood, Shrimp",--,--,Tomato,--,
FALSE,Large Seafood Platter,"4 x Any Seafood, Lemon",5,Appetizer,340,1810,Base Game,FALSE,Lemon,--,--,--,--,4 x Any Seafood,--,--,--,--,
FALSE,Latkes,"Onion, Potato, Canola, Egg",4,Entree,937,1280,Base Game,FALSE,--,--,Egg,--,--,--,--,--,"Onion, Potato",--,
FALSE,Latte,"Milk, Coffee Beans",2,Appetizer,345,1358,Base Game,FALSE,--,--,Milk,--,--,--,--,--,--,--,
FALSE,Leek Soup,Leek,1,Entree,370,414,Base Game,FALSE,--,--,--,--,--,--,--,--,Leek,--,
FALSE,Lemon Garlic Swordfish,"Swordfish, Lemon, Garlic",3,Entree,1100,3713,Base Game,FALSE,Lemon,--,--,Swordfish,--,--,Garlic,--,--,--,
FALSE,Lemon Sorbet,"Lemon, Slush Ice",2,Dessert,237,1112,Base Game,FALSE,Lemon,--,--,--,--,--,--,--,--,Slush Ice,
FALSE,Lioness Feast,"Here and There Fish, Tomato, Mushrooms, Oregano",4,Entree,"3,108","2,368",Base Game,FALSE,--,--,--,Here and There Fish,--,--,Oregano,--,"Mushrooms, Tomato",--,
FALSE,Lobster Roll,"Lobster, Butter, Wheat, Lemon, Garlic",5,Entree,1900,4928,Base Game,FALSE,Lemon,Wheat,Butter,--,--,Lobster,Garlic,--,--,--,
FALSE,Maguro Sushi,"Tuna, Rice, Seaweed, Ginger",4,Entree,413,1206,Base Game,FALSE,--,Rice,--,Tuna,--,--,Ginger,--,Seaweed,--,
FALSE,Maki,"Any Fish, Rice, Seaweed",3,Entree,148,471,Base Game,FALSE,--,Rice,--,Any Fish,--,--,--,--,Seaweed,--,
FALSE,Margherita Pizza,"Any Herb, Tomato, Cheese, Wheat",4,Entree,336,818,Base Game,TRUE,--,Wheat,Cheese,--,--,--,Any Herb,--,Tomato,--,
FALSE,Marvelous Jam,"Dreamlight Fruit, Wheat",2,Entree,54,932,Base Game,FALSE,Dreamlight Fruit,Wheat,--,--,--,--,--,--,--,--,
FALSE,Mediterranean Salad,"Cucumber, Tomato, Onion, Any Spice, Lettuce",5,Entree,605,976,Base Game,TRUE,--,--,--,--,--,--,Any Spice,--,"Cucumber, Lettuce, Tomato, Onion",--,
FALSE,Meringue Pie,"Lemon, Butter, Wheat, Egg",4,Dessert,667,2014,Base Game,FALSE,Lemon,Wheat,"Butter, Egg",--,--,--,--,--,--,--,
FALSE,Mermaid Cupcake,"Milk, Wheat, Butter, Sugarcane, Scallop",5,Dessert,785,1690,Base Game,FALSE,--,Wheat,Butter,--,--,Scallop,--,Sugarcane,--,--,
FALSE,Minnie Cupcake,"Milk, Wheat, Butter, Sugarcane, Apples",5,Dessert,745,2040,Base Game,FALSE,Apples,Wheat,"Milk, Butter",--,--,--,--,Sugarcane,--,--,
FALSE,Minnie's Gingerbread Cookies,"Wheat, Ginger",2,Dessert,67,379,Base Game,FALSE,--,Wheat,--,--,--,--,Ginger,--,--,--,
FALSE,Mint Boba Tea,"Milk, Sugarcane, Mint",3,Dessert,460,1032,Base Game,FALSE,--,--,Milk,--,--,--,Mint,Sugarcane,--,--,
FALSE,Mint Candy,"Mint, Sugarcane",2,Dessert,128,391,Base Game,FALSE,--,--,--,--,--,--,Mint,Sugarcane,--,--,
FALSE,Mint Chocolate,"Mint, Cocoa Beans, Sugarcane, Butter",4,Dessert,490,1827,Base Game,FALSE,--,--,Butter,--,--,--,Mint,"Cocoa Beans, Sugarcane",--,--,
FALSE,Mint Sorbet,"Mint, Slush Ice",2,Dessert,299,695,Base Game,FALSE,--,--,--,--,--,--,Mint,--,--,Slush Ice,
FALSE,Mocha,"Milk, Coffee Beans, Cocoa Beans",3,Appetizer,425,2246,Base Game,FALSE,Coffee Beans,--,Milk,--,--,--,--,Cocoa Beans,--,--,
FALSE,Mushroom Pizza,"Mushrooms, Wheat, Tomato, Cheese",4,Entree,351,837,Base Game,FALSE,--,Wheat,Cheese,--,--,--,--,--,"Mushrooms, Tomato",--,
FALSE,Mushu's Congee,"Rice, Egg, Ginger, Garlic, Mushrooms",5,Entree,753,1658,Base Game,FALSE,--,Rice,Egg,--,--,--,"Garlic, Ginger",--,Mushrooms,--,
FALSE,Nachos,"Chili Pepper, Corn, Cheese",3,Entree,383,842,Base Game,FALSE,--,--,Cheese,--,--,--,--,--,"Chili Pepper, Corn",--,
FALSE,Okra Soup,Okra,1,Appetizer,136,99,Base Game,FALSE,--,--,--,--,--,--,--,--,Okra,--,
FALSE,Omelet,"Egg, Cheese, Milk",3,Entree,882,1751,Base Game,TRUE,--,--,"Egg, Cheese, Milk",--,--,--,--,--,--,--,
FALSE,Onion Puffs,"Onion, Egg, Cheese",3,Appetizer,798,1392,Base Game,TRUE,--,--,"Egg, Cheese",--,--,--,--,--,Onion,--,
FALSE,Oolong Tea,"Oolong Tea Leaves, Raspberry",2,Appetizer,59,516,Base Game,FALSE,Raspberry,--,--,--,--,--,Oolong Tea Leaves,--,--,--,
FALSE,Oyster Platter,"Oyster, Lemon",2,Appetizer,367,"$1,155",Base Game,FALSE,Lemon,--,--,--,--,Oyster,--,--,--,--,
FALSE,Pan-Fried Angler Fish,"Anglerfish, Tomato, Zucchini, Potato",4,Entree,2500,4194,Base Game,FALSE,--,--,--,Anglerfish,--,--,--,--,"Tomato, Potato, Zucchini",--,
FALSE,Pan-Seared Bass & Vegetables,"2 x Any Vegetable, Bass",3,Entree,57,394,Base Game,FALSE,--,--,--,Bass,--,--,--,--,2 x Any Vegetable,--,
FALSE,Pan-Seared Tilapia & Vegetables,"Tilapia, 2 x Any Vegetable",3,Entree,862,2194,Base Game,FALSE,--,--,--,Tilapia,--,--,--,--,2 x Any Vegetable,--,
FALSE,Pasta,"Wheat, Tomato",2,Entree,30,117,Base Game,TRUE,--,Wheat,--,--,--,--,--,--,Tomato,--,
FALSE,Pasteis de Nata,"Corn, Egg, Milk, Vanilla",4,Dessert,774,1645,Base Game,FALSE,--,--,"Egg, Milk",--,--,--,--,Vanilla,Corn,--,
FALSE,Pastry Cream and Fruits,"3 x Any Fruit, Milk, Sugarcane",5,Dessert,497,2332,Base Game,FALSE,3 x Any Fruit,--,Milk,--,--,--,--,Sugarcane,--,--,
FALSE,Pawpsicle,"Slush Ice, Sugarcane, Any Fruit",3,Dessert,265,987,Base Game,FALSE,Any Fruit,--,--,--,--,--,--,Sugarcane,--,Slush Ice,
FALSE,Peanut Butter Sandwich,"Peanuts, Wheat",2,Entree,262,592,Base Game,FALSE,--,Wheat,Peanuts,--,--,--,--,--,--,--,
FALSE,Peanut Butter Waffles,"Peanuts, Wheat, Egg, Milk",4,Dessert,978,1938,Base Game,FALSE,--,Wheat,"Egg, Milk",--,--,--,--,--,--,--,
FALSE,Peppermint Tea,"Mint, Lemon",2,Appetizer,146,993,Base Game,FALSE,Lemon,--,--,--,--,--,Mint,--,--,--,
FALSE,Pesto with Linguine,"Wheat, Butter, Garlic, Oregano",4,Entree,438,1063,Base Game,FALSE,--,Wheat,Butter,--,--,--,"Garlic, Oregano",--,--,--,
FALSE,Pickled Herring,"Herring, Lemon, Onion, Any Herb",4,Appetizer,431,1742,Base Game,FALSE,Lemon,--,--,Herring,--,--,Any Herb,--,Onion,--,
FALSE,Pizza,"Tomato, Wheat, Cheese",3,Entree,284,607,Base Game,TRUE,--,Wheat,Cheese,--,--,--,--,--,Tomato,--,
FALSE,Plain Snow Cones,Any Ice,1,Dessert,180,410,Base Game,FALSE,--,--,--,--,--,--,--,--,--,Any Ice,
FALSE,Poached Basil-Butter Sturgeon,"White Sturgeon, Basil, Lemon, Butter",4,Entree,2200,4961,Base Game,FALSE,Lemon,--,Butter,White Sturgeon,--,--,Basil,--,--,--,
FALSE,Potato Leek Soup,"Leek, Potato, Milk, Onion, Garlic",5,Appetizer,1400,1984,Base Game,FALSE,--,--,Milk,--,--,--,Garlic,--,"Leek, Potato, Onion",--,
FALSE,Potato Puffs,"Potato, Egg, Cheese",3,Appetizer,736,1333,Base Game,FALSE,--,--,Cheese,--,--,--,--,--,Potato,--,
FALSE,Pottage,"Potato, Any Vegetable, Any Herb",3,Appetizer,215,461,Base Game,FALSE,--,--,--,--,--,--,Any Herb,--,"Potato, Any Vegetable",--,
FALSE,Poutine,"Potato, Canola, Cheese",3,Entree,580,845,Base Game,FALSE,--,--,"Cheese, Canola",--,--,--,--,--,Potato,--,
FALSE,Princess Aurora Raspberry Cupcake,"Milk, Wheat, Butter, Sugarcane, Raspberry",5,Dessert,738,1990,Base Game,FALSE,Raspberry,Wheat,"Milk, Butter",--,--,--,--,Sugarcane,--,--,
FALSE,Pumpkin Puffs,"Pumpkin, Egg, Cheese",3,Appetizer,1400,1455,Base Game,FALSE,--,--,"Egg, Cheese",--,--,--,--,--,Pumpkin,--,
FALSE,Pumpkin Soup,"Pumpkin, Ginger, Milk, Any Vegetable",4,Appetizer,1500,1431,Base Game,FALSE,--,--,Milk,--,--,--,Ginger,--,Pumpkin,--,
FALSE,Purée,Potato,1,Appetizer,151,230,Base Game,FALSE,--,--,--,--,--,--,--,--,Potato,--,
FALSE,Ranch Salad,"Lettuce, Bell Pepper, Corn, Tomato, Onion",5,Entree,396,714,Base Game,TRUE,--,--,--,--,--,--,--,--,"Lettuce, Bell Pepper, Corn, Tomato, Onion",--,
FALSE,Raspberry Boba Tea,"Milk, Sugarcane, Raspberry",3,Dessert,377,1203,Base Game,FALSE,Raspberry,--,Milk,--,--,--,--,Sugarcane,--,--,
FALSE,Ratatouille Recipe,"Tomato, Eggplant, Zucchini, Onion, Any Herb",5,Entree,914,1572,Base Game,TRUE,--,--,--,--,--,--,Any Herb,--,"Tomato, Eggplant, Zucchini, Onion",--,
FALSE,Red Fruit Sorbet,"Raspberry, Gooseberry, Sugarcane, Slush Ice",4,Dessert,359,2179,Base Game,FALSE,"Raspberry, Gooseberry",--,--,--,--,--,--,Sugarcane,--,Slush Ice,
FALSE,Red Velvet,"Wheat, Cheese, Egg, Cocoa Beans, Vanilla",5,Dessert,783,2458,Base Game,FALSE,--,Wheat,Cheese,--,--,--,--,"Cocoa Beans, Vanilla",--,--,
FALSE,Roasted Asparagus,"Asparagus, Canola",2,Appetizer,313,221,Base Game,FALSE,--,--,Canola,--,--,--,--,--,Asparagus,--,
FALSE,Roasted Marshmallows,"2 x Pink Marshmallow, 2 x Blue Marshmallow",4,Dessert,300,3470,Base Game,FALSE,--,--,--,--,--,--,--,"2 x Pink Marshmallow, 2 x Blue Marshmallow",--,--,
FALSE,Root Beer,"Ginger, Sugarcane, Vanilla",3,Dessert,350,690,Base Game,FALSE,--,--,--,--,--,--,Ginger,"Sugarcane, Vanilla",--,--,
FALSE,S'mores,"Pink Marshmallow, Blue Marshmallow, 2 x Wheat",4,Dessert,156,1832,Base Game,FALSE,--,2 x Wheat,--,--,--,--,--,"Pink Marshmallow, Blue Marshmallow",--,--,
FALSE,Sake Maki,"Salmon, Rice, Seaweed",3,Entree,323,1101,Base Game,FALSE,--,Rice,--,Salmon,--,--,--,--,Seaweed,--,
FALSE,Sake Sushi,"Salmon, Rice",2,Entree,274,1000,Base Game,FALSE,--,Rice,--,Salmon,--,--,--,--,--,--,
FALSE,Salad,Lettuce,1,Appetizer,9,139,Base Game,TRUE,--,--,--,--,--,--,--,--,Lettuce,--,
FALSE,Sautéed Mushrooms,"Mushrooms, Butter",2,Appetizer,286,712,Base Game,FALSE,--,--,Butter,--,--,--,--,--,Mushrooms,--,
FALSE,Savory Fish,"Any Fish, Lemon",2,Entree,74,985,Base Game,FALSE,Lemon,--,--,Any Fish,--,--,--,--,--,--,
FALSE,Scrambled Egg,"Egg, Cheese",2,Entree,520,1070,Base Game,TRUE,--,--,"Egg, Cheese",--,--,--,--,--,--,--,
FALSE,Seafood Appetizer,Any Seafood,1,Appetizer,54,242,Base Game,FALSE,--,--,--,--,--,Any Seafood,--,--,--,--,
FALSE,Seafood Boil,"Any Seafood, Any Spice, Potato, Corn",4,Entree,236,720,Base Game,FALSE,--,--,--,--,--,Any Seafood,Any Spice,--,"Corn, Potato",--,
FALSE,Seafood Pasta,"Any Seafood, Wheat, Milk",3,Entree,387,921,Base Game,FALSE,--,Wheat,Milk,--,--,Any Seafood,--,--,--,--,
FALSE,Seafood Pie,"Any Seafood, Wheat, Butter",3,Entree,331,813,Base Game,FALSE,--,Wheat,Butter,--,--,Any Seafood,--,--,--,--,
FALSE,Seafood Platter,2 x Any Seafood,2,Appetizer,116,458,Base Game,FALSE,--,--,--,--,--,2 x Any Seafood,--,--,--,--,
FALSE,Seafood Salad,"Any Seafood, Lettuce",2,Entree,68,349,Base Game,FALSE,--,--,--,--,--,Any Seafood,--,--,Lettuce,--,
FALSE,Seafood Soup,"Any Seafood, 2 x Any Vegetable",3,Entree,85,340,Base Game,FALSE,--,--,--,--,--,Any Seafood,--,--,2 x Any Vegetable,--,
FALSE,Seared Rainbow Trout,"Rainbow Trout, Tomato, Onion",3,Entree,338,889,Base Game,TRUE,--,--,--,Rainbow Trout,--,--,--,--,"Tomato, Onion",--,
FALSE,Sesame Balls,"Wheat, Ginger, Rice, Soya, Seaweed",5,Appetizer,322,722,Base Game,FALSE,--,Wheat,Soya,--,--,--,Ginger,--,Seaweed,--,
FALSE,Shake,Any Dairy,1,Dessert,82,$142,Base Game,TRUE,--,--,Any Dairy,--,--,--,--,--,--,--,
FALSE,Simple Fried Perch,"Perch, Butter, Wheat",3,Entree,380,1317,Base Game,FALSE,--,Wheat,Butter,Perch,--,--,--,--,--,--,
FALSE,Smoked Peanuts and Anglerfish,"Peanuts, Anglerfish",2,Entree,2200,3960,Base Game,FALSE,--,--,Peanuts,Anglerfish,--,--,--,--,--,--,
FALSE,Snow White's Gooseberry Pie,"Gooseberry, Wheat, Butter",3,Dessert,338,1677,Base Game,FALSE,Gooseberry,Wheat,Butter,--,--,--,--,--,--,--,
FALSE,Sole Menuniére,"Sole, Wheat, Butter, Lemon",4,Entree,637,2337,Base Game,FALSE,Lemon,Wheat,Butter,Sole,--,--,--,--,--,--,
FALSE,Soufflé,"Cheese, Milk, Egg, Butter",4,Appetizer,1200,2386,Base Game,TRUE,--,--,"Cheese, Milk, Egg, Butter",--,--,--,--,--,--,--,
FALSE,Sour Snow Cones,"Slush Ice, Lemon, Sugarcane",3,Dessert,282,1257,Base Game,FALSE,--,--,--,--,--,--,--,Sugarcane,--,Slush Ice,
FALSE,Spaceship Earth Cupcake,"Milk, Wheat, Butter, Sugarcane, Coconut",5,Dessert,772,2440,Base Game,FALSE,Coconut,Wheat,"Milk, Butter",--,--,--,--,Sugarcane,--,--,
FALSE,Spaghetti Arrabbiata,"Chili Pepper, Tomato, Wheat",3,Entree,141,373,Base Game,FALSE,--,Wheat,--,--,--,--,--,--,"Chili Pepper, Tomato",--,
FALSE,Spicy Baked Bream,"Bream, Chili Pepper, Butter",3,Entree,1200,3155,Base Game,FALSE,--,--,Butter,Bream,--,--,--,--,Chili Pepper,--,
FALSE,Spring Chocolate,"Spring V-EGG-etable, Sugarcane, Cocoa Beans",3,Dessert,254,1392,Base Game,FALSE,--,--,--,--,--,--,--,"Cocoa Beans, Sugarcane",Spring V-EGG-etable,--,
FALSE,Spring Egg Bowl,"Egg-cellent Fruit, Wild Spring Egg, Spring V-EGG-etable, Cocoa Beans, Sugarcane",5,Dessert,---,---,Base Game,FALSE,Egg-cellent Fruit,--,Wild Spring Egg,--,--,--,--,"Cocoa Beans, Sugarcane",Spring V-EGG-etable,--,
FALSE,Spring Mimosa Eggs,"Spring V-EGG-etable, Wild Spring Egg, Egg-cellent Fruit, Basil",4,Dessert,336,1095,Base Game,FALSE,Egg-cellent Fruit,--,Wild Spring Egg,--,--,--,Basil,--,Spring V-EGG-etable,--,
FALSE,Steamed Fugu,"Fugu, Ginger, Garlic",3,Entree,1400,3668,Base Game,FALSE,--,--,--,Fugu,--,--,"Garlic, Ginger",--,--,--,
FALSE,Stitch Cupcake,"Milk, Wheat, Butter, Sugarcane, Blueberry",5,Dessert,751,2140,Base Game,FALSE,Blueberry,Wheat,"Milk, Butter",--,--,--,--,Sugarcane,--,--,
FALSE,Sugar Kart Seat,"Sugar Rush Seat Fudge, Wheat, Milk, Butter",4,Dessert,---,---,Base Game,FALSE,--,Wheat,"Milk, Butter",--,--,--,--,--,--,--,
FALSE,Sushi,"Rice, Any Fish",2,Entree,111,405,Base Game,FALSE,--,Rice,--,Any Fish,--,--,--,--,--,--,
FALSE,Sweet & Sour Kingfish Steak,"Kingfish, Lemon, Sugarcane",3,Entree,702,2292,Base Game,FALSE,Lemon,--,--,Kingfish,--,--,--,Sugarcane,--,--,
FALSE,Sweet Herring,"Herring, Onion",2,Appetizer,305,723,Base Game,FALSE,--,--,--,Herring,--,--,--,--,Onion,--,
FALSE,Sweet Slush,"Slush Ice, Any Sweet",2,Dessert,219,510,Base Game,FALSE,--,--,--,--,--,--,--,Any Sweet,--,Slush Ice,
FALSE,Sweet Udon,"Rice, Any Seafood, Dreamlight Fruit, Any Sweet",4,Entree,153,1387,Base Game,FALSE,Dreamlight Fruit,Rice,--,--,--,Any Seafood,--,Any Sweet,--,--,
FALSE,Tamagoyaki,"Egg, Sugarcane",2,Entree,310,689,Base Game,FALSE,--,--,Egg,--,--,--,--,Sugarcane,--,--,
FALSE,Tasty Salad,"Lettuce, Cucumber, Any Vegetable, Any Herb",4,Entree,292,650,Base Game,TRUE,--,--,--,--,--,--,Any Herb,--,"Any Vegetable, Lettuce, Cucumber",--,
FALSE,Tasty Veggies,"Any Vegetable, Any Herb",2,Entree,36,246,Base Game,TRUE,--,--,--,--,--,--,Any Herb,--,Any Vegetable,--,
FALSE,Tea Sandwiches,"Wheat, Corn, Cherry, Any Fish",4,Appetizer,91,1378,Base Game,FALSE,Cherry,Wheat,--,Any Fish,--,--,--,--,Corn,--,
FALSE,Tekka Maki,"Tuna, Soya, Seaweed, Rice",4,Entree,366,984,Base Game,FALSE,--,Rice,Soya,Tuna,--,--,--,--,Seaweed,--,
FALSE,Teriyaki Salmon,"Salmon, Soya, Rice, Ginger, Sugarcane",5,Entree,637,1726,Base Game,FALSE,--,Rice,Soya,Salmon,--,--,Ginger,Sugarcane,--,--,
FALSE,Tomato Soup,Tomato,1,Appetizer,26,83,Base Game,TRUE,--,--,--,--,--,--,--,--,Tomato,--,
FALSE,Tropical Pop,"Slush Ice, Coconut, Sugarcane, Any Fruit",4,Dessert,347,1989,Base Game,FALSE,--,--,--,--,--,--,--,Sugarcane,--,Slush Ice,
FALSE,Tuna Burger,"Any Vegetable, Wheat, Onion, Lemon, Tuna",5,Entree,491,1922,Base Game,FALSE,Lemon,Wheat,--,Tuna,--,--,--,--,"Any Vegetable, Onion",--,
FALSE,Vanilla Ice Cream,"Slush Ice, Milk, Sugarcane, Vanilla",4,Dessert,688,1475,Base Game,FALSE,--,--,Milk,--,--,--,--,"Sugarcane, Vanilla",--,Slush Ice,
FALSE,Vegetable Soup,2 x Any Vegetable,2,Appetizer,20,120,Base Game,TRUE,--,--,--,--,--,--,--,--,2 x Any Vegetable,--,
FALSE,Vegetarian Pizza,"2 x Any Vegetable, Tomato, Cheese, Wheat",5,Entree,350,754,Base Game,TRUE,--,Wheat,Cheese,--,--,--,--,--,"2 x Any Vegetable, Tomato",--,
FALSE,Vegetarian Stew,"Onion, Carrot, Potato",3,Entree,475,617,Base Game,FALSE,--,--,--,--,--,--,--,--,"Onion, Carrot, Potato",--,
FALSE,Vegetarian Taco,"Any Vegetable, Corn, Chili Pepper, Cheese",4,Entree,423,925,Base Game,FALSE,--,--,Cheese,--,--,--,--,--,"Any Vegetable, Chili Pepper, Corn",--,
FALSE,Veggie Casserole,"2 x Any Vegetable, Cheese, Any Herb",4,Entree,324,821,Base Game,TRUE,--,--,Cheese,--,--,--,Any Herb,--,2 x Any Vegetable,--,
FALSE,Veggie Pasta,"Tomato, Wheat, Any Vegetable",3,Entree,43,158,Base Game,TRUE,--,Wheat,--,--,--,--,--,--,"Any Vegetable, Tomato",--,
FALSE,Veggie Pie,"Any Vegetable, Butter, Wheat",3,Entree,279,634,Base Game,TRUE,--,Wheat,Butter,--,--,--,--,--,Any Vegetable,--,
FALSE,Veggie Skewers,"Mushrooms, Zucchini, Onion, Bell Pepper",4,Entree,427,767,Base Game,FALSE,--,--,--,--,--,--,--,--,"Mushrooms, Zucchini, Onion, Bell Pepper",--,
FALSE,Waffles,"Wheat, Milk, Egg, Any Sweet",4,Dessert,706,1455,Base Game,FALSE,--,Wheat,"Milk, Egg",--,--,--,--,Any Sweet,--,--,
FALSE,Walleye en Papillote,"Walleye, Basil, Oregano, Any Vegetable",4,Entree,1700,3689,Base Game,FALSE,--,--,--,Walleye,--,--,"Basil, Oregano",--,Any Vegetable,--,
FALSE,Wedding Cake,"Wheat, Butter, Egg, Sugarcane, Vanilla",5,Dessert,785,1680,Base Game,FALSE,--,Wheat,Butter,--,--,--,--,"Sugarcane, Vanilla",--,--,
FALSE,Wheat Porridge,"Milk, Wheat",2,Entree,301,668,Base Game,TRUE,--,Wheat,Milk,--,--,--,--,--,--,--,
FALSE,Wheat Porridge with Fruits,"Milk, Wheat, Any Fruit",3,Entree,353,1155,Base Game,TRUE,Any Fruit,Wheat,Milk,--,--,--,--,--,--,--,
FALSE,Whimsical Pie,"Dreamlight Fruit, Wheat, Butter",3,Dessert,324,1497,Base Game,FALSE,Dreamlight Fruit,Wheat,Butter,--,--,--,--,--,--,--,
FALSE,Wonderland Cookies,"Butter, Vanilla, Sugarcane, Wheat",4,Dessert,406,970,Base Game,FALSE,--,Wheat,Butter,--,--,--,--,"Sugarcane, Vanilla",--,--,
FALSE,Wonton Soup,"Egg, Shrimp, Wheat, Onion",4,Entree,1000,2415,Base Game,FALSE,--,Wheat,--,--,--,Shrimp,--,--,Onion,--,
FALSE,Yule Log,"Wheat, Vanilla, Cocoa Beans, Cherry",4,Dessert,212,2147,Base Game,FALSE,Cherry,Wheat,--,--,--,--,--,"Cocoa Beans, Vanilla",--,--,
FALSE,Zucchini Puffs,"Zucchini, Egg, Cheese",3,Appetizer,632,1216,Base Game,TRUE,--,--,"Egg, Cheese",--,--,--,--,--,Zucchini,--,
FALSE,Ajiaco,"Corn, Potato, Poultry",3,Entree,898,757,Eternity Isle,FALSE,--,--,--,--,Poultry,--,--,--,"Corn, Potato",--,
FALSE,Apple Sauce,"Apples, Cinnamon",2,Dessert,71,823,Eternity Isle,FALSE,Apples,--,--,--,--,--,Cinnamon,--,--,--,
FALSE,Arepas Con Queso,"Corn, Agave, Cheese",3,Appetizer,309,770,Eternity Isle,FALSE,--,--,Cheese,--,--,--,--,Agave,Corn,--,
FALSE,Baked Beans,"Beans, Pork",2,Entree,388,544,Eternity Isle,FALSE,--,--,Beans,--,Pork,--,--,--,--,--,
FALSE,Baozi,"Pork, Wheat, Soya, Any Herb or Spice",4,Appetizer,503,842,Eternity Isle,FALSE,--,Wheat,Soya,--,Pork,--,Any Herb or Spice,--,--,--,
FALSE,Barbecued Brilliant Blue Starfish,"Mint, Brillant Blue Starfish",2,Appetizer,1200,3118,Eternity Isle,FALSE,--,--,--,--,--,Brillant Blue Starfish,Mint,--,--,--,
FALSE,Barbecued Pretty Pink Starfish,"Pretty Pink Starfish, Paprika",2,Appetizer,1200,2812,Eternity Isle,FALSE,--,--,--,--,--,Pretty Pink Starfish,Paprika,--,--,--,
FALSE,Basil Berry Salad,"Blueberry, Basil, Strawberry",3,Dessert,142,2300,Eternity Isle,FALSE,"Blueberry, Strawberry",--,--,--,--,--,Basil,--,--,--,
FALSE,Best Fish Forever,"Sea Snail, Robot Fish, Celery, Cumin",4,Entree,1400,4420,Eternity Isle,FALSE,--,--,--,Robot Fish,--,Sea Snail,Cumin,--,Celery,--,
FALSE,Biryani,"Poultry, Rice, Cinnamon, Cumin, Mint",5,Entree,1000,1468,Eternity Isle,FALSE,--,Rice,--,--,Poultry,--,"Cinnamon, Cumin, Mint",--,--,--,
FALSE,Blend of the Bayou,"Prisma Shrimp, Rice, Celery, Butter, Any Herb or Spice",5,Entree,2400,4238,Eternity Isle,FALSE,--,Rice,Butter,--,--,Prisma Shrimp,Any Herb or Spice,--,Celery,--,
FALSE,Bony Osso Buco,"Skeleton Fish, Celery, Any Vegetable, Grapes",4,Entree,272,1192,Eternity Isle,FALSE,Grapes,--,--,Skeleton Fish,--,--,--,--,"Any Vegetable, Celery",--,
FALSE,Braised Abalone,"Oyster, Sea Snail, Mushrooms, Garlic",4,Entree,570,2500,Eternity Isle,FALSE,--,--,--,--,--,"Oyster, Sea Snail",Garlic,--,Mushrooms,--,
FALSE,Braised Bamboo Shoots,"Bamboo, Canola, Ginger, Soya",4,Entree,401,898,Eternity Isle,FALSE,--,--,Soya,--,--,--,Ginger,--,Bamboo,--,
FALSE,Bulgur Salad,"Wheat, Cucumber, Tomato, Mint, Any Spice",5,Appetizer,396,910,Eternity Isle,FALSE,--,Wheat,--,--,--,--,"Any Spice, Mint",--,"Cucumber, Tomato",--,
FALSE,Burrito,"Any Protein, Wheat, Beans, Cumin",4,Entree,473,809,Eternity Isle,FALSE,--,Wheat,Beans,--,Any Protein,--,Cumin,--,--,--,
FALSE,Butter Chicken,"Poultry, Tomato, Butter, Lemon, Cumin",5,Entree,1200,2142,Eternity Isle,FALSE,Lemon,--,Butter,--,Poultry,--,Cumin,--,Tomato,--,
FALSE,Caramel Macarons,"Almonds, Egg, Agave",3,Dessert,401,1724,Eternity Isle,FALSE,Almonds,--,Egg,--,--,--,--,Agave,--,--,
FALSE,Charlotte Cake,"Wheat, Strawberry, Agave",3,Dessert,69,1704,Eternity Isle,FALSE,Strawberry,Wheat,--,--,--,--,--,Agave,--,--,
FALSE,Cheeseburger,"Venison, Wheat, Any Vegetable, Cheese",4,Entree,1700,1113,Eternity Isle,FALSE,--,Wheat,Cheese,--,Venison,--,--,--,Any Vegetable,--,
FALSE,Chicken Souvlaki,"Poultry, Lemon, Mint, Paprika",4,Entree,949,1816,Eternity Isle,FALSE,Lemon,--,--,--,Poultry,--,"Mint, Paprika",--,--,--,
FALSE,Chocolate Macarons,"Almonds, Egg, Cocoa Beans",3,Dessert,419,2354,Eternity Isle,FALSE,Almonds,--,Egg,--,--,--,--,--,--,--,
FALSE,Cinnamon Donut,"Wheat, Egg, Cinnamon, Any Sweet",4,Dessert,406,1094,Eternity Isle,FALSE,--,Wheat,Egg,--,--,--,Cinnamon,Any Sweet,--,--,
FALSE,Clam Juice,"Clam, Tomato",2,Appetizer,93,289,Eternity Isle,FALSE,--,--,--,--,--,Clam,--,--,Tomato,--,
FALSE,Classic Frankfurter,"Pork, Poultry, Venison, Wheat",4,Entree,2600,1511,Eternity Isle,FALSE,--,Wheat,--,--,"Pork, Poultry, Venison",--,--,--,--,--,
FALSE,Classic Mac and Cheese,"Wheat, Cheese",2,Entree,236,541,Eternity Isle,TRUE,--,Wheat,Cheese,--,--,--,--,--,--,--,
FALSE,Club Sandwich,"Pork, Poultry, Wheat, Tomato",4,Entree,1100,1075,Eternity Isle,FALSE,--,Wheat,--,--,"Pork, Poultry",--,--,--,Tomato,--,
FALSE,Coleslaw,"Cabbage, Carrot",2,Appetizer,389,387,Eternity Isle,FALSE,--,--,--,--,--,--,--,--,"Cabbage, Carrot",--,
FALSE,Conch Ceviche,"Sea Snail, Onion, Tomato, Lemon",4,Appetizer,712,2646,Eternity Isle,FALSE,Lemon,--,--,--,--,Sea Snail,--,--,"Tomato, Onion",--,
FALSE,Coq en Barbouille,"Poultry, Onion, Any Vegetable, Grapes",4,Entree,1000,880,Eternity Isle,FALSE,Grapes,--,--,--,Poultry,--,--,--,"Any Vegetable, Onion",--,
FALSE,Cotton Candy,"Agave, Sugarcane",2,Dessert,56,298,Eternity Isle,FALSE,--,--,--,--,--,--,--,"Agave, Sugarcane",--,--,
FALSE,Crab Melts,"Crab, Cheese",2,Appetizer,1000,2549,Eternity Isle,FALSE,--,--,Cheese,--,--,Crab,--,--,--,--,
FALSE,Cream Cheese Bagel,"Wheat, Cheese, Any Sweet",3,Entree,280,652,Eternity Isle,FALSE,--,Wheat,Cheese,--,--,--,--,Any Sweet,--,--,
FALSE,Crimson Burger,"Wheat, Any Vegetable, Ruby Lentils",3,Entree,231,187,Eternity Isle,FALSE,--,Wheat,Ruby Lentils,--,--,--,--,--,Any Vegetable,--,
FALSE,Croissant,"Wheat, Butter",2,Dessert,249,566,Eternity Isle,TRUE,--,Wheat,Butter,--,--,--,--,--,--,--,
FALSE,Cupcakes,"Wheat, Egg, Cherry, Agave",4,Dessert,433,1853,Eternity Isle,FALSE,Cherry,Wheat,Egg,--,--,--,--,Agave,--,--,
FALSE,Danish,"Wheat, 2 x Any Fruit, Butter",4,Dessert,314,704,Eternity Isle,TRUE,2 x Any Fruit,Wheat,Butter,--,--,--,--,--,--,--,
FALSE,Dragon Roll Maki,"Electric Eel, Rice, Seaweed, Any Vegetable",4,Entree,1600,3193,Eternity Isle,FALSE,--,Rice,--,Electric Eel,--,--,--,--,"Any Vegetable, Seaweed",--,
FALSE,Dreamango Boba Tea,"Milk, Dreamango, Sugarcane",3,Dessert,418,1833,Eternity Isle,FALSE,Dreamango,--,Milk,--,--,--,--,Sugarcane,--,--,
FALSE,Dumplings,"Any Protein, Wheat, Any Vegetable, Soya",4,Appetizer,493,710,Eternity Isle,FALSE,--,Wheat,Soya,--,Any Protein,--,--,--,Any Vegetable,--,
FALSE,Fabulous Fajitas,"Poultry, Wheat, 2 x Any Vegetable, Cumin",5,Entree,851,852,Eternity Isle,FALSE,--,Wheat,--,--,Poultry,--,Cumin,--,2 x Any Vegetable,--,
FALSE,Falafel,"Beans, Cumin, Garlic",3,Appetizer,159,528,Eternity Isle,FALSE,--,--,Beans,--,--,--,"Cumin, Garlic",--,--,--,
FALSE,French Macarons,"Almonds, Egg",2,Dessert,340,1461,Eternity Isle,FALSE,Almonds,--,Egg,--,--,--,--,--,--,--,
FALSE,Fruit Milkshake,"Slush Ice, Milk, Any Fruit",3,Dessert,544,1113,Eternity Isle,FALSE,Any Fruit,--,Milk,--,--,--,--,--,--,Slush Ice,
FALSE,Glazed Donut,"Wheat, Egg, Any Sweet",3,Dessert,336,760,Eternity Isle,FALSE,--,Wheat,Egg,--,--,--,--,Any Sweet,--,--,
FALSE,Good Ol' Fashioned Burger,"Venison, Wheat, Lettuce",3,Entree,1400,634,Eternity Isle,FALSE,--,Wheat,--,--,Venison,--,--,--,Lettuce,--,
FALSE,Gourmet Grubs,"Sea Snail, Sand Worm, Scorpion",3,Dessert,2000,5000,Eternity Isle,FALSE,--,--,"Sand Worm, Scorpion",--,--,Sea Snail,--,--,--,--,
FALSE,Hamburger Steak,"Venison, Potato, Any Vegetable, Beans",4,Entree,1700,855,Eternity Isle,FALSE,--,--,Beans,--,Venison,--,--,--,"Any Vegetable, Potato",--,
FALSE,Hawaiian Pizza,"Pork, Wheat, Tomato, Cheese, Pineapple",5,Entree,1500 Coin,1506,Eternity Isle,FALSE,Pineapple,Wheat,Cheese,--,Pork,--,--,--,Tomato,--,
FALSE,Jam Macarons,"Almonds, Egg, Any Fruit",3,Dessert,378,1581,Eternity Isle,FALSE,"Almonds, Any Fruit",--,Shovel Bird Eggs,--,--,--,--,--,--,--,
FALSE,Jerk Chicken,"Poultry, Onion, Garlic, Any Herb or Spice",4,Entree,"1,100","1,229",Eternity Isle,FALSE,--,--,--,--,Poultry,--,"Any Herb or Spice, Garlic",--,Onion,--,
FALSE,Kanelbulle,"Wheat, Butter, Egg, Cinnamon",4,Dessert,663,1548,Eternity Isle,FALSE,--,Wheat,"Butter, Egg",--,--,--,Cinnamon,--,--,--,
FALSE,Kouign-Amann,"Wheat, 2 x Butter, Agave",4,Dessert,610,1358,Eternity Isle,FALSE,--,Wheat,2 x Butter,--,--,--,--,Agave,--,--,
FALSE,Lo-Fries,"Canola, Flute Root, Yam",3,Entree,358,387,Eternity Isle,FALSE,--,--,Canola,--,--,--,--,--,"Flute Root, Yam",--,
FALSE,Maamouls,"Wheat, Almonds, Dates",3,Dessert,100,1614,Eternity Isle,FALSE,"Almonds, Dates",Wheat,--,--,--,--,--,--,--,--,
FALSE,Makrout,"Wheat, Canola, Dates",4,Dessert,254,1157,Eternity Isle,FALSE,Dates,Wheat,--,--,--,--,--,--,--,--,
FALSE,Meat Pie,"Any Protein, Wheat, Butter",3,Entree,618,1047,Eternity Isle,FALSE,--,Wheat,Butter,--,Any Protein,--,--,--,--,--,
FALSE,Meaty Taco,"Venison, Chili Pepper, Corn, Any Vegetable, Cumin",5,Entree,1700,1112,Eternity Isle,FALSE,--,--,--,--,Venison,--,Cumin,--,"Any Vegetable, Chili Pepper, Corn",--,
FALSE,Melon Boba Tea,"Milk, Sugarcane, Melon",3,Dessert,478,911,Eternity Isle,FALSE,Melon,--,Milk,--,--,--,--,Sugarcane,--,--,
FALSE,Milky Way Stew,"Rainbow Trout, Milk, Turnip, Cosmic Figs",4,Entree,733,1872,Eternity Isle,FALSE,Cosmic Figs,--,Milk,Rainbow Trout,--,--,--,--,Turnip,--,
FALSE,Mooncake,"Wheat, Canola, Beans, Agave",4,Dessert,276,465,Eternity Isle,FALSE,--,Wheat,"Beans, Canola",--,--,--,--,Agave,--,--,
FALSE,Moqueca de Pirarucu,"Pirarucu, 2 x Any Vegetable, Coconut",4,Entree,1000,3452,Eternity Isle,FALSE,Coconut,--,--,Pirarucu,--,--,--,--,2 x Any Vegetable,--,
FALSE,Nestling Crepe,"Wheat, Egg, Nestling Pear, Milk",4,Dessert,715,1938,Eternity Isle,FALSE,Nestling Pear,Wheat,Milk,--,--,--,--,--,--,--,
FALSE,Nuts and Bolts,"Robot Fish, Almonds",2,Appetizer,866,3195,Eternity Isle,FALSE,Almonds,--,--,Robot Fish,--,--,--,--,--,--,
FALSE,Pasta with Herbs,"Wheat, Butter, Any Herb or Spice",3,Entree,289,759,Eternity Isle,TRUE,--,Wheat,Butter,--,--,--,Any Herb or Spice,--,--,--,
FALSE,Pear Upside-Down Cake,"Wheat, Egg, Nestling Pear",3,Dessert,345,1218,Eternity Isle,FALSE,Nestling Pear,Wheat,Egg,--,--,--,--,--,--,--,
FALSE,Pineapple Soft Serve,"Slush Ice, Pineapple",2,Dessert,886,717,Eternity Isle,FALSE,--,--,--,--,--,--,--,--,--,--,
FALSE,Piquant Piranha Soup,"Chili Pepper, Bamboo, Piranha",3,Entree,1900,4001,Eternity Isle,FALSE,--,--,--,Piranha,--,--,--,--,"Chili Pepper, Bamboo",--,
FALSE,Popcorn,"Corn, Canola",2,Dessert,161,201,Eternity Isle,FALSE,--,--,Canola,--,--,--,--,--,Corn,--,
FALSE,Pulled Pork,"Pork, Onion, Tomato, Oregano",4,Entree,738,1021,Eternity Isle,FALSE,--,--,--,--,Pork,--,Oregano,--,"Onion, Tomato",--,
FALSE,Pupusas Revueltas,"Poultry, Corn, Beans",3,Entree,790,627,Eternity Isle,FALSE,--,--,"Poultry, Corn, Beans",--,Poultry,--,--,--,Corn,--,
FALSE,Rainbouillabaisse,"Prisma Shrimp, Any Seafood, Rainbow Trout, Tomato, Any Vegetable",5,Entree,2000,4174,Eternity Isle,FALSE,--,--,--,Rainbow Trout,--,"Any Seafood, Prisma Shrimp",--,--,"Any Vegetable, Tomato",--,
FALSE,Ramen,"Pork, Wheat, Egg",3,Entree,660,1128,Eternity Isle,FALSE,--,Wheat,Egg,--,Pork,--,--,--,--,--,
FALSE,Raspberry Jam Sandwich,"Wheat, Raspberry",2,Dessert,29,549,Eternity Isle,FALSE,Raspberry,Wheat,--,--,--,--,--,--,--,--,
FALSE,Rhapsody Roll,"Rice, Flute Root, Seaweed, Any Vegetable",4,Entree,301,335,Eternity Isle,FALSE,--,Rice,--,--,--,--,--,--,"Any Vegetable, Flute Root, Seaweed",--,
FALSE,Roast,Any Protein,1,Entree,300,450,Eternity Isle,FALSE,--,--,--,--,Any Protein,--,--,--,--,--,
FALSE,Roasted Almonds,"Almonds, Agave",2,Appetizer,86,1070,Eternity Isle,FALSE,Almonds,--,--,--,--,--,--,Agave,--,--,
FALSE,Royal Burger,"Pork, Venison, Wheat, Any Vegetable, Cheese",5,Entree,2300,1670,Eternity Isle,FALSE,--,Wheat,Cheese,--,"Pork, Poultry",--,--,--,Any Vegetable,--,
FALSE,Royal Ice Tea,"Slush Ice, Majestea",2,Appetizer,234,610,Eternity Isle,FALSE,--,--,--,--,--,--,--,--,--,Slush Ice,
FALSE,Royal Latte,"Milk, Majestea",2,Appetizer,338,814,Eternity Isle,FALSE,--,--,--,--,--,--,Majestea,--,--,--,
FALSE,Royal Tea,Majestea,1,Appetizer,36,218,Eternity Isle,FALSE,--,--,--,--,--,--,Majestea,--,--,--,
FALSE,Ruby Masoor Dal,"Chili Pepper, Tomato, Ruby Lentils",3,Entree,357,405,Eternity Isle,FALSE,--,--,Ruby Lentils,--,--,--,--,--,"Chili Pepper, Tomato",--,
FALSE,Sand Stew,"Dunebopper, Sand Fish, Any Vegetable, Sand Worm, Any Herb or Spice",5,Entree,2200,5000,Eternity Isle,FALSE,--,--,Sand Worm,"Dunebopper, Sand Fish",--,--,Any Herb or Spice,--,Any Vegetable,--,
FALSE,Sand Worm Carpaccio Plate,"Sand Worm, Melon",2,Appetizer,1100,3004,Eternity Isle,FALSE,Melon,--,Sand Worm,--,--,--,--,--,--,--,
FALSE,Sausage and Sauerkraut Platter,"Pork, Cabbage, Potato",3,Entree,884,958,Eternity Isle,FALSE,--,--,--,--,Pork,--,--,--,"Cabbage, Potato",--,
FALSE,Schnitzel,"Poultry, Wheat, Canola",3,Entree,854,640,Eternity Isle,FALSE,--,Wheat,Canola,--,Poultry,--,--,--,--,--,
FALSE,Sesame Seed Bagel,"Wheat, Any Sweet",2,Entree,26,160,Eternity Isle,FALSE,--,Wheat,--,--,--,--,--,Any Sweet,--,--,
FALSE,Shad Ceviche,"Shad, Onion, Tomato, Lemon",4,Appetizer,428,"$1,696",Eternity Isle,FALSE,Lemon,--,--,Shad,--,--,--,--,"Onion, Tomato",--,
FALSE,Shawarma,"Venison, Rice, Lemon, Cinnamon, Garlic",5,Entree,"1,800","2,048",Eternity Isle,FALSE,Lemon,Rice,--,--,Venison,--,"Cinnamon, Garlic",--,--,--,
FALSE,Shish Taouk,"Poultry, Rice, Lemon, Garlic, Oregano",5,Entree,1100,1928,Eternity Isle,FALSE,Lemon,Rice,--,--,Poultry,--,"Garlic, Oregano",--,--,--,
FALSE,Spicy Macarons,"Chili Pepper, Almonds, Egg",3,Dessert,475,1796,Eternity Isle,FALSE,Almonds,--,Egg,--,--,--,--,--,Chili Pepper,--,
FALSE,Spicy Scorpion Skewer,"Scorpion, Paprika",2,Appetizer,617,1792,Eternity Isle,FALSE,--,--,Scorpion,--,--,--,Paprika,--,--,--,
FALSE,Spiky Berry Pie,"Wheat, Butter, Cactoberries, Strawberry, Any Herb or Spice",5,Dessert,421,3238,Eternity Isle,FALSE,"Cactoberries, Strawberry",Wheat,Butter,--,--,--,Any Herb or Spice,--,--,--,
FALSE,Stellar Milkshake,"Slush Ice, Milk, Cosmic Figs",3,Dessert,562,1169,Eternity Isle,FALSE,--,--,Milk,--,--,--,--,--,--,Slush Ice,
FALSE,Strawberry Pie,"Wheat, Butter, Strawberry",3,Dessert,300,2037,Eternity Isle,FALSE,Strawberry,Wheat,Butter,--,--,--,--,--,--,--,
FALSE,Strawberry Shortcake,"Wheat, Egg, Strawberry",3,Dessert,342,2118,Eternity Isle,FALSE,Strawberry,Wheat,Egg,--,--,--,--,--,--,--,
FALSE,Stuffed Dates,"Almonds, Dates",2,Dessert,91,1495,Eternity Isle,FALSE,"Almonds, Dates",--,--,--,--,--,--,--,--,--,
FALSE,Sugar-Free Banana Muffin,"Wheat, Banana",2,Dessert,39,677,Eternity Isle,TRUE,Banana,Wheat,--,--,--,--,--,--,--,--,
FALSE,Sugar-Free Blueberry Muffin,"Wheat, Blueberry",2,Dessert,39,677,Eternity Isle,FALSE,Blueberry,Wheat,--,--,--,--,--,--,--,--,
FALSE,Sugar-Free Fruit Explosion Muffin,"Wheat, 2 x Any Fruit, Agave",4,Dessert,66,354,Eternity Isle,FALSE,2 x Any Fruit,Wheat,--,--,--,--,--,Agave,--,--,
FALSE,Sugar-Free Fruit Muffin,"Wheat, Any Fruit",2,Dessert,13,117,Eternity Isle,TRUE,Any Fruit,Wheat,--,--,--,--,--,--,--,--,
FALSE,Sweet and Sour Stir-Fry,"Poultry, Broccoli, Canola, Dreamango, Pineapple",5,Entree,2100,2350,Eternity Isle,FALSE,"Dreamango, Pineapple",--,Canola,--,Poultry,--,--,--,Broccoli,--,
FALSE,Sweet Popcorn,"Corn, Canola, Agave",3,Dessert,209,390,Eternity Isle,FALSE,--,--,Canola,--,--,--,--,Agave,Corn,--,
FALSE,Sweet Tofu,"Soya, Any Fruit",2,Dessert,100,183,Eternity Isle,FALSE,Any Fruit,--,Soya,--,--,--,--,--,--,--,
FALSE,Taiyaki,"Sand Fish, Beans",2,Dessert,102,374,Eternity Isle,FALSE,--,--,Beans,Sand Fish,--,--,--,--,--,--,
FALSE,Takoyaki Stick,"Octopus, Seaweed, Egg, Soya",4,Appetizer,898,2164,Eternity Isle,FALSE,--,--,"Soya, Egg",--,--,Octopus,--,--,Seaweed,--,
FALSE,Tandoori Chicken,"Chili Pepper, Poultry, Cumin, Paprika",4,Entree,964,1199,Eternity Isle,FALSE,--,--,--,--,Poultry,--,"Cumin, Paprika",--,Chili Pepper,--,
FALSE,Thousand Needles,"Brillant Blue Starfish, Pretty Pink Starfish, Cactoberries",3,Appetizer,2400,5000,Eternity Isle,FALSE,Cactoberries,--,--,--,--,"Brillant Blue Starfish, Pretty Pink Starfish",--,--,--,--,
FALSE,Tofu,Soya,1,Entree,82,142,Eternity Isle,FALSE,--,--,Soya,--,--,--,--,--,--,--,
FALSE,Tomato Basil Soup,"Tomato, Basil",2,Appetizer,93,255,Eternity Isle,TRUE,--,--,--,--,--,--,Basil,--,Tomato,--,
FALSE,Tourtiere,"Venison, Wheat, Potato, Any Vegetable",4,Entree,1700,814,Eternity Isle,FALSE,--,--,--,--,Venison,--,--,--,"Any Vegetable, Potato",--,
FALSE,Turkey Leg,"Poultry, Cumin, Paprika, Agave",4,Entree,884,1123,Eternity Isle,FALSE,--,--,--,--,Poultry,--,"Cumin, Paprika",Agave,--,--,
FALSE,Turnip Tartiflette,"Pork, Turnip, Cheese",3,Entree,863,1459,Eternity Isle,FALSE,--,--,Cheese,--,Pork,--,--,--,Turnip,--,
FALSE,Vanilla Macarons,"Almonds, Egg, Vanilla",3,Dessert,436,1787,Eternity Isle,FALSE,Almonds,--,Egg,--,--,--,--,Vanilla,--,--,
FALSE,Vegetarian Dumplings,"Wheat, Any Vegetable, Soya",3,Appetizer,109,225,Eternity Isle,FALSE,--,Wheat,Soya,--,--,--,--,--,Any Vegetable,--,
FALSE,Vegetarian Turnip Tartiflette,"Mushrooms, Turnip, Soya",3,Entree,399,816,Eternity Isle,FALSE,--,--,Soya,--,--,--,--,--,"Mushrooms, Turnip",--,
FALSE,Yakisoba,"Pork, Wheat, Cabbage",3,Entree,710,789,Eternity Isle,FALSE,--,Wheat,--,--,Pork,--,--,--,Cabbage,--,
FALSE,A Very Unusual Tea Time,"Plain Yogurt, Spiral Strawberries, Salt Crystal, Sour Berry",4,Entree,345,2377,Storybook Vale,FALSE,"Spiral Strawberries, Sour Berry",--,Plain Yogurt,--,--,--,Salt Crystal,--,--,--,
FALSE,Ambrosia Smoothie,"Plain Yogurt, Ambrosia",2,Appetizer,247,1155,Storybook Vale,FALSE,--,--,Plain Yogurt,--,--,--,Ambrosia,--,--,--,
FALSE,Aphrodite's Delight,"Golden Apple, Ambrosia",2,Dessert,234,1070,Storybook Vale,FALSE,Golden Apple,--,--,--,--,--,Ambrosia,--,--,--,
FALSE,Aquatic Escargot,"Trumpet Snail, Garlic, Salt Crystal",3,Entree,182,581,Storybook Vale,FALSE,--,--,--,--,--,Trumpet Snail,"Garlic, Salt Crystal",--,--,--,
FALSE,Arcane Garlic Crab,"Sorcerer Hat Hermit Crab, Garlic, Salt Crystal, Any Spice",4,Entree,1380,3497,Storybook Vale,FALSE,--,--,--,--,--,Sorcerer Hat Hermit Crab,"Any Spice, Garlic, Salt Crystal",--,--,--,
FALSE,Argossian Pizza,"Elysian Grain, Onion, Any Vegetable, Flyleaf Feta, Olives",5,Entree,857,1568,Storybook Vale,FALSE,--,Elysian Grain,"Olives, Flyleaf Feta",--,--,--,--,--,"Any Vegetable, Onion",--,
FALSE,Baked Feta and Olives,"Flyleaf Feta, Olives",2,Appetizer,142,$815,Storybook Vale,FALSE,--,--,"Flyleaf Feta, Olives",--,--,--,--,--,--,--,
FALSE,Barley Salad,"Barley, Cauliflower, Radish, Any Spice",4,Entree,333,738,Storybook Vale,FALSE,--,Barley,--,--,--,--,Any Spice,--,"Cauliflower, Radish",--,
FALSE,Cacio e Pepe,"Elysian Grain, Flyleaf Feta, Black Pepper",3,Entree,403,379,Storybook Vale,FALSE,--,Elysian Grain,Flyleaf Feta,--,--,--,Black Pepper,--,--,--,
FALSE,Cape Gooseberry Chia Pancakes,"Wheat, Chia Seeds, Shovel Bird Eggs, Cape Gooseberry",4,Entree,214,749,Storybook Vale,FALSE,Cape Gooseberry,Wheat,Shovel Bird Eggs,--,--,--,--,--,--,--,
FALSE,Cape Gooseberry Smoothie,"Plain Yogurt, Cape Gooseberry",2,Appetizer,227,781,Storybook Vale,FALSE,Cape Gooseberry,--,Plain Yogurt,--,--,--,--,--,--,--,
FALSE,Cape Gooseberry Sour Fondue,"Cape Gooseberry, Sour Berry",2,Dessert,123,951,Storybook Vale,FALSE,"Cape Gooseberry, Sour Berry",--,--,--,--,--,--,--,--,--,
FALSE,Caprese Salad,"Any Vegetable, Flyleaf Feta, Olives, Salt Crystal, Any Spice",5,Entree,697,1484,Storybook Vale,FALSE,--,--,"Flyleaf Feta, Olives",--,--,--,"Any Spice, Salt Crystal",--,Any Vegetable,--,
FALSE,Cauliflower Steak,Cauliflower,1,Entree,30,165,Storybook Vale,FALSE,--,--,--,--,--,--,--,--,Cauliflower,--,
FALSE,Chia Pudding,"Chia Seeds, Rhubarb, Cinnamon, Any Sweet",4,Entree,425,742,Storybook Vale,FALSE,Rhubarb,--,--,--,--,--,Cinnamon,Any Sweet,--,--,
FALSE,Chia Seed Bread,"Wheat, Chia Seeds, Shovel Bird Eggs",3,Entree,122,478,Storybook Vale,FALSE,--,Wheat,"Chia Seeds, Shovel Bird Eggs",--,--,--,--,--,--,--,
FALSE,Chimera Skewer,"Hippocampus, Trumpet Snail, Flying Fish, Any Fish, Brussel Sprouts",5,Entree,584,2920,Storybook Vale,FALSE,--,--,--,"Any Fish, Flying Fish",--,"Hippocampus, Trumpet Snail",--,--,Brussel Sprouts,--,
FALSE,Cinnamon Cake,"Wheat, Shovel Bird Eggs, Plain Yogurt, Cinnamon",4,Dessert,348,1330,Storybook Vale,FALSE,--,Wheat,"Shovel Bird Eggs, Plain Yogurt",--,--,--,Cinnamon,--,--,--,
FALSE,Cinnamon Cookies,"Wheat, Plain Yogurt, Cinnamon, Any Sweet",4,Dessert,256,1037,Storybook Vale,FALSE,--,Wheat,Plain Yogurt,--,--,--,Cinnamon,Any Sweet,--,--,
FALSE,Electric Radicchio and Persimmon Salad,"Radicchio, Persimmon, Lightning Spice",3,Entree,303,1176,Storybook Vale,FALSE,Persimmon,--,--,--,--,--,Lightning Spice,--,Radicchio,--,
FALSE,Faerie Rye Crackers,Faerie Rye,1,Appetizer,74,126,Storybook Vale,FALSE,--,Faerie Rye,--,--,--,--,--,--,--,--,
FALSE,Flying Fish Quenelles,"Flying Fish, Flyleaf Feta, Porcini Mushroom, Any Vegetable, Any Dairy",5,Entree,544,2210,Storybook Vale,FALSE,--,--,"Any Dairy, Flyleaf Feta",Flying Fish,--,--,--,--,"Any Vegetable, Porcini Mushroom",--,
FALSE,Garlic Steam Mussels,"Mussel, Onion, Garlic",3,Entree,413,825,Storybook Vale,FALSE,--,--,--,--,--,Mussel,Garlic,--,Onion,--,
FALSE,Golden Apple Pie,"Wheat, Shovel Bird Eggs, Golden Apple",3,Dessert,268,894,Storybook Vale,FALSE,Golden Apple,Wheat,Shovel Bird Eggs,--,--,--,--,--,--,--,
FALSE,Golden Apple Smoothie,"Plain Yogurt, Golden Apple",2,Appetizer,299,985,Storybook Vale,FALSE,Golden Apple,--,Plain Yogurt,--,--,--,--,--,--,--,
FALSE,Grecian Baked Fish,"Stygian Mudskipper, Elysian Grain, Olives, Salt Crystal, Ambrosia",5,Entree,2808,5000,Storybook Vale,FALSE,--,Elysian Grain,Olives,Stygian Mudskipper,--,--,"Ambrosia, Salt Crystal",--,--,--,
FALSE,Greek Potatoes,"Potato, Any Fruit, Garlic, Salt Crystal, Any Spice",5,Appetizer,481,1206,Storybook Vale,FALSE,Any Fruit,--,--,--,--,--,"Any Herb, Salt Crystal, Garlic",--,Potato,--,
FALSE,Greek Salad,"Cucumber, Radish, Any Vegetable, Flyleaf Feta, Olives",5,Entree,1704,1808,Storybook Vale,FALSE,--,--,"Flyleaf Feta, Olives",--,--,--,--,--,"Any Vegetable, Cucumber, Radish",--,
FALSE,Green Bean Casserole,"Green Beans, Onion, Porcini Mushroom",3,Entree,607,652,Storybook Vale,FALSE,--,--,--,--,--,--,--,--,"Green Beans, Onion, Porcini Mushroom",--,
FALSE,Grilled Koi Gyro,"Koi, Wheat, Cucumber, Olives, Any Spice",5,Entree,525,1444,Storybook Vale,FALSE,--,Wheat,Olives,Koi,--,--,Any Spice,--,Cucumber,--,
FALSE,Hermit Crab Pasta,"Sorcerer Hat Hermit Crab, Wheat, Any Spice",3,Entree,1192,3099,Storybook Vale,FALSE,--,Wheat,--,--,--,Sorcerer Hat Hermit Crab,Any Spice,--,--,--,
FALSE,Hippocampus Cepelinai Dumplings,"Hippocampus, Onion, Potato, Spiral Strawberries, Black Pepper",5,Entree,925,2634,Storybook Vale,FALSE,Spiral Strawberries,--,--,--,--,Hippocampus,Black Pepper,--,"Onion, Potato",--,
FALSE,Honeydew Smoothie,"Plain Yogurt, Honeydew Melon",2,Appetizer,318,769,Storybook Vale,FALSE,Honeydew Melon,--,Plain Yogurt,--,--,--,--,--,--,--,
FALSE,Honeydew Sour Fondue,"Honeydew Melon, Sour Berry",2,Dessert,214,939,Storybook Vale,FALSE,"Honeydew Melon, Sour Berry",--,--,--,--,--,--,--,--,--,
FALSE,Koi Sashimi,Koi,1,Entree,110,440,Storybook Vale,FALSE,--,--,--,Koi,--,--,--,--,--,--,
FALSE,Lamprey Sashimi,Lamprey,1,Entree,1800,2930,Storybook Vale,FALSE,--,--,--,Lamprey,--,--,--,--,--,--,
FALSE,Lightning Bolt,"Stygian Mudskipper, Lamprey, 2 x Lightning Spice, Any Sweet",5,Appetizer,5088,5000,Storybook Vale,FALSE,--,--,--,"Stygian Mudskipper, Lamprey",--,--,2 x Lightning Spice,Any Sweet,--,--,
FALSE,Lightning cake,"Wheat, Shovel Bird Eggs, Plain Yogurt, Lightning Spice",4,Dessert,400,"1,302",Storybook Vale,FALSE,--,Wheat,"Shovel Bird Eggs, Plain Yogurt",--,--,--,Lightning Spice,--,--,--,
FALSE,Lightning Cookies,"Wheat, Plain Yogurt, Lightning Spice, Any Sweet",4,Dessert,355,1178,Storybook Vale,FALSE,--,Wheat,Plain Yogurt,--,--,--,Lightning Spice,Any Sweet,--,--,
FALSE,Loaded Breakfast Yogurt,"Oats, Plain Yogurt, Spiral Strawberries, Ambrosia",4,Entree,508,2425,Storybook Vale,FALSE,Spiral Strawberries,Oats,Plain Yogurt,--,--,--,Ambrosia,--,--,--,
FALSE,Loaded Golden Apple Porridge,"2 x Oats, Ambrosia, Golden Apple",4,Entree,566,1570,Storybook Vale,FALSE,Golden Apple,2 x Oats,--,--,--,--,Ambrosia,--,--,--,
FALSE,Loaded Honeydew Porridge,"2 x Oats, Ambrosia, Honeydew Melon",4,Entree,588,1328,Storybook Vale,FALSE,Honeydew Melon,2 x Oats,--,--,--,--,Ambrosia,--,--,--,
FALSE,Loaded Persimmon Porridge,"2 x Oats, Ambrosia, Persimmon",4,Entree,438,1665,Storybook Vale,FALSE,Persimmon,2 x Oats,--,--,--,--,Ambrosia,--,--,--,
FALSE,Loaded Rhubarb Porridge,"2 x Oats, Rhubarb, Ambrosia",4,Entree,744,1370,Storybook Vale,FALSE,Rhubarb,2 x Oats,--,--,--,--,Ambrosia,--,--,--,
FALSE,Loaded Sea Grape Porridge,"2 x Oats, Sea Grapes, Ambrosia",4,Entree,431,1142,Storybook Vale,FALSE,Sea Grapes,2 x Oats,--,--,--,--,Ambrosia,--,--,--,
FALSE,Lupine Cullen Skink,"Sea Wolf, Onion, Potato, Plain Yogurt",4,Entree,736,1681,Storybook Vale,FALSE,--,--,Plain Yogurt,Sea Wolf,--,--,--,--,"Onion, Potato",--,
FALSE,Merryweather's Gingersnaps,"Sour Berry, Nutmeg, Ginger, Shovel Bird Eggs, Faerie Rye",5,Dessert,443,2596,Storybook Vale,FALSE,Sour Berry,Faerie Rye,Shovel Bird Eggs,--,--,--,"Ginger, Nutmeg",--,--,--,
FALSE,Mussel Risotto,"Mussel, Rice, Olives, Garlic, Any Spice",5,Entree,401,1748,Storybook Vale,FALSE,--,Rice,Olives,--,--,Mussel,"Any Spice, Garlic",--,--,--,
FALSE,Nutmeg Cake,"Wheat, Shovel Bird Eggs, Plain Yogurt, Nutmeg",4,Dessert,370,1891,Storybook Vale,FALSE,--,Wheat,"Shovel Bird Eggs, Plain Yogurt",--,--,--,Nutmeg,--,--,--,
FALSE,Nutmeg Cookies,"Wheat, Plain Yogurt, Nutmeg, Any Sweet",4,Dessert,325,1767,Storybook Vale,FALSE,--,Wheat,Plain Yogurt,--,--,--,Nutmeg,Any Sweet,--,--,
FALSE,Oatmeal,Oats,1,Entree,118,210,Storybook Vale,FALSE,--,Oats,--,--,--,--,--,--,--,--,
FALSE,Olive Plate,Olives,1,Entree,42,610,Storybook Vale,FALSE,--,--,Olives,--,--,--,--,--,--,--,
FALSE,Olympian Tapenade,"Elysian Grain, Olives, Honeydew Melon, Any Spice",4,Appetizer,509,1375,Storybook Vale,FALSE,Honeydew Melon,Elysian Grain,Olives,--,--,--,Any Spice,--,--,--,
FALSE,Persimmon Chia Pancakes,"Wheat, Chia Seeds, Persimmon, Shovel Bird Eggs",4,Entree,169,1072,Storybook Vale,FALSE,Persimmon,Wheat,"Chia Seeds, Shovel Bird Eggs",--,--,--,--,--,--,--,
FALSE,Persimmon Pie,"Wheat, Shovel Bird Eggs, Persimmon",3,Dessert,149,984,Storybook Vale,FALSE,Persimmon,Wheat,Shovel Bird Eggs,--,--,--,--,--,--,--,
FALSE,Persimmon Smoothie,"Plain Yogurt, Persimmon",2,Appetizer,188,1070,Storybook Vale,FALSE,Persimmon,--,Plain Yogurt,--,--,--,--,--,--,--,
FALSE,Persimmon Sour Fondue,Persimmon,2,Dessert,84,1240,Storybook Vale,FALSE,Persimmon,--,--,--,--,--,--,--,--,--,
FALSE,Radicchio Slaw,"Cauliflower, Green Beans, Radicchio, Radish",4,Appetizer,739,835,Storybook Vale,FALSE,--,--,--,--,--,--,--,--,"Cauliflower, Green Beans, Radicchio, Radish",--,
FALSE,Radicchio-Stuffed Porcini,"Porcini Mushroom, Radicchio, Black Pepper",3,Entree,370,677,Storybook Vale,FALSE,--,--,--,--,--,--,Black Pepper,--,"Porcini Mushroom, Radicchio",--,
FALSE,Rice Pudding,"Oats, Rice, Vanilla",3,Dessert,293,579,Storybook Vale,FALSE,--,"Rice, Oats",--,--,--,--,--,Vanilla,--,--,
FALSE,Roasted Barley and Veggies,"Barley, Brussel Sprouts, Onion, Any Vegetable, Flyleaf Feta",5,Entree,529,1500,Storybook Vale,FALSE,--,Barley,Flyleaf Feta,--,--,--,--,--,"Any Vegetable, Brussel Sprouts, Onion",--,
FALSE,Roasted Brussels Sprouts,"Brussel Sprouts, Garlic",2,Entree,104,959,Storybook Vale,FALSE,--,--,"Brussel Sprouts, Garlic",--,--,--,Garlic,--,Brussel Sprouts,--,
FALSE,Roasted Green Beans,"Green Beans, Garlic",2,Entree,336,379,Storybook Vale,FALSE,--,--,--,--,--,--,Garlic,--,Green Beans,--,
FALSE,Salt Baked Sea Wolf,"Salt Crystal, Sea Snail, Sea Wolf",2,Entree,123,602,Storybook Vale,FALSE,--,--,--,Sea Wolf,--,Sea Snail,Salt Crystal,--,--,--,
FALSE,Salt-Pickled Cauliflower,"Cauliflower, Salt Crystal, Any Spice",3,Entree,126,1034,Storybook Vale,FALSE,--,--,--,--,--,--,"Any Spice, Salt Crystal",--,Cauliflower,--,
FALSE,Salt-Pickled Garlic,"Garlic, Salt Crystal, Any Spice",3,Entree,161,1148,Storybook Vale,FALSE,--,--,--,--,--,--,"Garlic, Salt Crystal, Any Spice",--,--,--,
FALSE,Salt-Pickled Green Beans,"Green Beans, Salt Crystal, Any Spice",3,Entree,383,1011,Storybook Vale,FALSE,--,--,--,--,--,--,"Any Spice, Salt Crystal",--,Green Beans,--,
FALSE,Salt-Pickled Radicchio,"Radicchio, Salt Crystal, Any Spice",3,Entree,268,1239,Storybook Vale,FALSE,--,--,--,--,--,--,"Any Spice, Salt Crystal",--,Radicchio,--,
FALSE,Salt-Pickled Radish,"Salt Crystal, Radish, Any Spice",3,Entree,277,1079,Storybook Vale,FALSE,--,--,--,--,--,--,"Any Spice, Salt Crystal",--,Radish,--,
FALSE,Salt-Pickled Sea Grapes,"Sea Grapes, Salt Crystal, Any Spice",3,Entree,119,950,Storybook Vale,FALSE,Sea Grapes,--,--,--,--,--,"Any Spice, Salt Crystal",--,--,--,
FALSE,Sauteed Porcinis,"Porcini Mushroom, Garlic",2,Appetizer,136,500,Storybook Vale,FALSE,--,--,--,--,--,--,Garlic,--,Porcini Mushroom,--,
FALSE,Scottish Porridge,"Oats, Any Fruit",2,Entree,160,730,Storybook Vale,FALSE,Any Fruit,Oats,--,--,--,--,--,--,--,--,
FALSE,Sea Grape Chia Pancakes,"Wheat, Chia Seeds, Sea Grapes, Shovel Bird Eggs",4,Entree,162,549,Storybook Vale,FALSE,Sea Grapes,Wheat,"Chia Seeds, Shovel Bird Eggs",--,--,--,--,--,--,--,
FALSE,Seaweed Salad,"Radish, Any Vegetable, Sea Grapes, Black Pepper",4,Entree,542,557,Storybook Vale,FALSE,Sea Grapes,--,--,--,--,--,Black Pepper,--,"Any Vegetable, Radish",--,
FALSE,Shovel Bird Eggs Benedict,"Elysian Grain, Shovel Bird Eggs, Spiral Strawberries, Salt Crystal",4,Entree,420,1522,Storybook Vale,FALSE,Spiral Strawberries,Elysian Grain,Shovel Bird Eggs,--,--,--,Salt Crystal,--,--,--,
FALSE,Simple Chia Pudding,Chia Seeds,1,Appetizer,7,80,Storybook Vale,FALSE,--,--,Chia Seeds,--,--,--,--,--,--,--,
FALSE,Soda Bread and Feta,"Wheat, Flyleaf Feta, Salt Crystal",3,Entree,135,309,Storybook Vale,FALSE,--,Wheat,Flyleaf Feta,--,--,--,Salt Crystal,--,--,--,
FALSE,Sour Berry Dessert,"Sour Berry, Ambrosia",2,Dessert,143,1325,Storybook Vale,FALSE,Sour Berry,--,--,--,--,--,Ambrosia,--,--,--,
FALSE,Sour Berry Pie,"Wheat, Shovel Bird Eggs, Sour Berry",3,Dessert,170,1164,Storybook Vale,FALSE,Sour Berry,Wheat,Shovel Bird Eggs,--,--,--,--,--,--,--,
FALSE,Spanakopita,"Onion, Spinach, Flyleaf Feta, Garlic, Any Spice",5,Entree,617,1282,Storybook Vale,FALSE,--,--,Flyleaf Feta,--,--,--,"Any Spice, Garlic",--,"Onion, Spinach",--,
FALSE,Sparkling Ambrosia,"Lightning Spice, Ambrosia",2,Appetizer,175,883,Storybook Vale,FALSE,--,--,--,--,--,--,"Lightning Spice, Ambrosia",--,--,--,
FALSE,Spicy Yogurt,"Plain Yogurt, Any Spice",2,Dessert,195,823,Storybook Vale,FALSE,--,--,Plain Yogurt,--,--,--,Any Spice,--,--,--,
FALSE,Spiral Strawberry Chia Pancakes,"Wheat, Chia Seeds, Shovel Bird Eggs, Spiral Strawberries",4,Entree,207,1452,Storybook Vale,FALSE,Spiral Strawberries,Wheat,"Chia Seeds, Shovel Bird Eggs",--,--,--,--,--,--,--,
FALSE,Spiral Strawberry Pie,"Wheat, Shovel Bird Eggs, Spiral Strawberries",3,Dessert,184,1344,Storybook Vale,FALSE,Spiral Strawberries,Wheat,Shovel Bird Eggs,--,--,--,--,--,--,--,
FALSE,Spiral Strawberry Smoothie,"Plain Yogurt, Spiral Strawberries",2,Appetizer,221,1410,Storybook Vale,FALSE,Spiral Strawberries,--,Plain Yogurt,--,--,--,--,--,--,--,
FALSE,Spiral Strawberry Sour Fondue,"Spiral Strawberries, Sour Berry",2,Dessert,177,1580,Storybook Vale,FALSE,"Spiral Strawberries, Sour Berry",--,--,--,--,--,--,--,--,--,
FALSE,Sprouts-Stuffed Porcini,"Brussel Sprouts, Porcini Mushroom, Black Pepper",3,Entree,235,1063,Storybook Vale,FALSE,--,--,--,--,--,--,Black Pepper,--,"Brussel Sprouts, Porcini Mushroom",--,
FALSE,Squash-Stuffed Porcini,"Porcini Mushroom, Ring Squash, Black Pepper",3,Entree,250,400,Storybook Vale,FALSE,--,--,--,--,--,--,Black Pepper,--,"Porcini Mushroom, Ring Squash",--,
FALSE,Squid Sashimi,Squid,1,Entree,600,1650,Storybook Vale,FALSE,--,--,--,--,--,Squid,--,--,--,--,
FALSE,Steamed Mussels,Mussel,1,Entree,90,290,Storybook Vale,FALSE,--,--,--,--,--,Mussel,--,--,--,--,
FALSE,Strawberry Rhubarb Pie,"Wheat, Plain Yogurt, Rhubarb, Spiral Strawberries",4,Dessert,601,1881,Storybook Vale,FALSE,"Spiral Strawberries, Rhubarb",Wheat,Plain Yogurt,--,--,--,--,--,--,--,
FALSE,Stuffed Ring Squash,"Ring Squash, Garlic, Ambrosia",3,Entree,225,980,Storybook Vale,FALSE,--,--,--,--,--,--,"Ambrosia, Garlic",--,--,--,
FALSE,Tuna Sashimi,Tuna,1,Entree,114,610,Storybook Vale,FALSE,--,--,--,Tuna,--,--,--,--,--,--,
FALSE,Tzatziki,"Cucumber, Plain Yogurt, Garlic",3,Appetizer,460,1094,Storybook Vale,FALSE,--,--,Plain Yogurt,--,--,--,Garlic,--,Cucumber,--,
FALSE,Underworld Cake,"Faerie Rye, Shovel Bird Eggs, Plain Yogurt, Nutmeg, Ambrosia",5,Dessert,603,2746,Storybook Vale,FALSE,--,Faerie Rye,"Plain Yogurt, Shovel Bird Eggs",--,--,--,"Nutmeg, Ambrosia",--,--,--,
FALSE,Vanilla Yogurt,"Plain Yogurt, Vanilla",2,Dessert,221,789,Storybook Vale,FALSE,--,--,Plain Yogurt,--,--,--,--,Vanilla,--,--,
FALSE,Alpine Fishcakes,"Red Alpine Bass, Dill",2,Appetizer,"1,027","2,370",Wishblossom Mountains,FALSE,,,,,,,,,,,
FALSE,Buttermilk Borscht,"Beetroot, Egg, Milk, Dill",4,Appetizer,766,"1,656",Wishblossom Mountains,FALSE,,,,,,,,,,,
FALSE,Fizzy Nectar Soda,"Bonsai Star Fruit, Slush Ice",2,Appetizer,247,"1,197",Wishblossom Mountains,FALSE,,,,,,,,,,,
FALSE,Rosehip Honey Tea,Honey Coral,1,Appetizer,210,570,Wishblossom Mountains,FALSE,,,,,,,,,,,
FALSE,Scarlet Bouquet Salad,Scartlet Kale,1,Appetizer,34,160,Wishblossom Mountains,FALSE,,,,,,,,,,,
FALSE,Smoked Fish Charcuterie Spread,"Mountain Whitefish, Tuna, Any Fish, Wheat",4,Appetizer,191,1321,Wishblossom Mountains,FALSE,,,,,,,,,,,
FALSE,101 Teeny Tiny Dalmatian Cupcakes,"Dark Chocoloate Coffee Beans, Egg, Wheat, Sugarcane",4,Entree,460,862,Wishblossom Mountains,FALSE,,,,,,,,,,,
FALSE,Afternoon Tea Set,"Dark Chocoloate Coffee Beans, Pearly Barely, Any Vegetable, Pincushion Peach",4,Entree,235,985,Wishblossom Mountains,FALSE,,,,,,,,,,,
FALSE,Baked Whitefish and Roasted Beets,"Mountain Whitefish, Beetroot",2,Entree,66,400,Wishblossom Mountains,FALSE,,,,,,,,,,,
FALSE,Beet-iful Spaetzle,"Wheat, Beetroot, Egg",3,Entree,339,778,Wishblossom Mountains,FALSE,,,,,,,,,,,
FALSE,Bread Bowl Pumpkin Soup,"Tigger Fish, Fairy Kamut, Pumpkin, Milk",4,Entree,"3,901","4,153",Wishblossom Mountains,FALSE,,,,,,,,,,,
FALSE,Button Stew,"Button Mushroom, Carrot",2,Entree,135,375,Wishblossom Mountains,FALSE,,,,,,,,,,,
FALSE,Eton Mess,"Red Currants, Pincushion Peach, Egg",3,Entree,407,"1,994",Wishblossom Mountains,FALSE,,,,,,,,,,,
FALSE,Felted Breakfast Spread,"Egg, Button Mushroom, Satin-Finned Beta",3,Entree,"1,022","2,597",Wishblossom Mountains,FALSE,,,,,,,,,,,
FALSE,Fishy Pineapple Jelly,"Measuring-Tape Snail, Jellied Fish, Crab, Scartlet Kale, Any Fish",5,Entree,"2,767","5,000",Wishblossom Mountains,FALSE,,,,,,,,,,,
FALSE,Friendly Bento,"Tigger Fish, Scartlet Kale, Honey Coral, Any Vegetable",4,Entree,"2,717","3,877",Wishblossom Mountains,FALSE,,,,,,,,,,,
FALSE,Honey Glazed Carrots,"Honey Coral, Carrot, Dill",3,Entree,362,944,Wishblossom Mountains,FALSE,,,,,,,,,,,
FALSE,Honey Pancakes,"Honey Coral, Wheat, Egg",3,Entree,555,"1,263",Wishblossom Mountains,FALSE,,,,,,,,,,,
FALSE,Horace's Ham Sandwich,"Pearly Barely, Cheese, Any Vegetable",3,Entree,326,643,Wishblossom Mountains,FALSE,,,,,,,,,,,
FALSE,Jellied Fish Terrine,Jellied Fish,1,Entree,"1,200","2,450",Wishblossom Mountains,FALSE,,,,,,,,,,,
FALSE,Jellied Salad,"Jellied Fish, Scartlet Kale",2,Entree,"1,357","2,717",Wishblossom Mountains,FALSE,,,,,,,,,,,
FALSE,Kanine Krunchies Cereal,"Pearly Barely, Pincushion Peach",2,Entree,107,796,Wishblossom Mountains,FALSE,,,,,,,,,,,
FALSE,Pixie Pizza,"Fairy Kamut, Cheese, Tomato, Fairy Sprinkles, Button Mushroom",5,Entree,718,"1,268",Wishblossom Mountains,FALSE,,,,,,,,,,,
FALSE,Scarlet Kale and Cheese Pinwheels,"Wheat, Scartlet Kale, Cheese",3,Entree,294,694,Wishblossom Mountains,FALSE,,,,,,,,,,,
FALSE,Stargazy Pie,"Measuring-Tape Snail, Satin-Finned Beta, Red Alpine Bass, Wheat",4,Entree,"1,953","5,000",Wishblossom Mountains,FALSE,,,,,,,,,,,
FALSE,Vintage Peach Trifle,"Pincushion Peach, Milk, Pearly Barely, Sugarcane, Any Fruit",5,Entree,544,"1,752",Wishblossom Mountains,FALSE,,,,,,,,,,,
FALSE,Beauty and the Beets Napoleon,"Beetroot, Butter, Egg, Milk, Red Alpine Bass",4,Dessert,"1,109","2,782",Wishblossom Mountains,FALSE,,,,,,,,,,,
FALSE,Beet Brownie Stack,"Beetroot, Egg, Any Sweet",3,Dessert,363,826,Wishblossom Mountains,FALSE,,,,,,,,,,,
FALSE,Beet Sugar Sculpture,"Beetroot, Sugarcane",2,Dessert,51,223,Wishblossom Mountains,FALSE,,,,,,,,,,,
FALSE,Fairy Boot Cake,"Fairy Kamut, Honey Coral, Egg, Butter, Dark Chocoloate Coffee Beans",5,Dessert,"1,212","2,052",Wishblossom Mountains,FALSE,,,,,,,,,,,
FALSE,Fairy Bread,"Fairy Kamut, Fairy Sprinkles",2,Dessert,243,360,Wishblossom Mountains,FALSE,,,,,,,,,,,
FALSE,Fairy Wands,"Bonsai Star Fruit, Lollipop Fruit, Any Fruit",3,Dessert,229,"1,028",Wishblossom Mountains,FALSE,,,,,,,,,,,
FALSE,Pixie Ice Cream Dome Cake,"Fairy Kamut, Fairy Sprinkles, Slush Ice, Red Currants",4,Dessert,554,"1,489",Wishblossom Mountains,FALSE,,,,,,,,,,,
FALSE,Red Currant Linzer Cookies,"Wheat, Butter, Red Currants, Sugarcane",4,Dessert,365,"1,379",Wishblossom Mountains,FALSE,,,,,,,,,,,
FALSE,Red Currant Valley Cakes,"Egg, Milk, Red Currants",3,Dessert,676,"1,895",Wishblossom Mountains,FALSE,,,,,,,,,,,
FALSE,Tigger Tails,"Lollipop Fruit, Fairy Sprinkles",2,Dessert,253,437,Wishblossom Mountains,FALSE,,,,,,,,,,,
FALSE,Festive Blueberry Hot Cocoa,"Milk, Sugarcane, Cocoa Beans, Blueberry",4,Dessert,491,"1,647",Base Game,FALSE,,,,,,,,,,,
FALSE,Festive Cherry Hot Cocoa,"Milk, Sugarcane, Cocoa Beans, Cherry",4,Dessert,511,"1,932",Base Game,FALSE,,,,,,,,,,,
FALSE,Festive Mint Hot Cocoa,"Milk, Sugarcane, Cocoa Beans, Mint",4,Dessert,523,"1,276",Base Game,FALSE,,,,,,,,,,,