Item,Complete,Type,Realm,Obtained by:,Color Orb,Materials,Reward
Agrabah Marketplace Diary # 01,☆,Agrabah Marketplace Diaries,Base Game,--,--,--,--
Agrabah Marketplace Diary # 02,☆,Agrabah Marketplace Diaries,Base Game,--,--,--,--
Agrabah Marketplace Diary # 03,☆,Agrabah Marketplace Diaries,Base Game,--,--,--,--
Agrabah Marketplace Diary # 04,☆,Agrabah Marketplace Diaries,Base Game,--,--,--,--
Agrabah Marketplace Diary # 05,☆,Agrabah Marketplace Diaries,Base Game,--,--,--,--
Agrabah Marketplace Diary # 06,☆,Agrabah Marketplace Diaries,Base Game,--,--,--,--
Agrabah Marketplace Diary # 07,☆,Agrabah Marketplace Diaries,Base Game,--,--,--,--
Agrabah Marketplace Diary # 08,☆,Agrabah Marketplace Diaries,Base Game,--,--,--,--
Agrabah Marketplace Diary # 09,☆,Agrabah Marketplace Diaries,Base Game,--,--,--,--
Agrabah Marketplace Diary # 10,☆,Agrabah Marketplace Diaries,Base Game,--,--,--,--
Aladdin Memory # 01,☆☆☆☆☆☆☆☆☆☆,Aladdin,Eternity Isle,Mining,Yellow,--,--
Aladdin Memory # 02,☆☆☆☆☆☆☆☆☆☆,Aladdin,Eternity Isle,Fishing,Red,--,--
Aladdin Memory # 03,☆☆☆☆☆☆☆☆☆☆,Aladdin,Eternity Isle,Feed Critters,Purple,--,--
Aladdin Memory # 04,☆☆☆☆☆☆☆☆☆☆,Aladdin,Eternity Isle,Cooking,Green,--,--
Aladdin Memory # 05,☆☆☆☆☆☆☆☆☆☆,Aladdin,Eternity Isle,Gardening,Blue,--,--
Aurora's Journal Entry # 01,☆,Aurora's Journals,Storybook Vale,--,--,--,--
Aurora's Journal Entry # 02,☆,Aurora's Journals,Storybook Vale,--,--,--,--
Aurora's Journal Entry # 03,☆,Aurora's Journals,Storybook Vale,--,--,--,--
Aurora's Journal Entry # 04,☆,Aurora's Journals,Storybook Vale,--,--,--,--
Aurora's Journal Entry # 05,☆,Aurora's Journals,Storybook Vale,--,--,--,--
Aurora's Journal Entry # 06,☆,Aurora's Journals,Storybook Vale,--,--,--,--
Aurora's Journal Entry # 07,☆,Aurora's Journals,Storybook Vale,--,--,--,--
Aurora's Journal Entry # 08,☆,Aurora's Journals,Storybook Vale,--,--,--,--
Aurora's Journal Entry # 09,☆,Aurora's Journals,Storybook Vale,--,--,--,--
Aurora's Journal Entry # 10,☆,Aurora's Journals,Storybook Vale,--,--,--,--
Aurora's Journal Entry # 11,☆,Aurora's Journals,Storybook Vale,--,--,--,--
Aurora's Journal Entry # 12,☆,Aurora's Journals,Storybook Vale,--,--,--,--
Aurora's Journal Entry # 13,☆,Aurora's Journals,Storybook Vale,--,--,--,--
Aurora's Journal Entry # 14,☆,Aurora's Journals,Storybook Vale,--,--,--,--
Aurora's Journal Entry # 15,☆,Aurora's Journals,Storybook Vale,--,--,--,--
Aurora's Journal Entry # 16,☆,Aurora's Journals,Storybook Vale,--,--,--,--
Aurora's Journal Entry # 17,☆,Aurora's Journals,Storybook Vale,--,--,--,--
Aurora's Journal Entry # 18,☆,Aurora's Journals,Storybook Vale,--,--,--,--
Aurora's Journal Entry # 19,☆,Aurora's Journals,Storybook Vale,--,--,--,--
Aurora's Journal Entry # 20,☆,Aurora's Journals,Storybook Vale,--,--,--,--
Aurora's Journal Entry # 21,☆,Aurora's Journals,Storybook Vale,--,--,--,--
Aurora's Journal Entry # 22,☆,Aurora's Journals,Storybook Vale,--,--,--,--
Aurora's Journal Entry # 23,☆,Aurora's Journals,Storybook Vale,--,--,--,--
Aurora's Journal Entry # 24,☆,Aurora's Journals,Storybook Vale,--,--,--,--
Aurora's Journal Entry # 25,☆,Aurora's Journals,Storybook Vale,--,--,--,--
Aurora's Journal Entry # 26,☆,Aurora's Journals,Storybook Vale,--,--,--,--
Aurora's Journal Entry # 27,☆,Aurora's Journals,Storybook Vale,--,--,--,--
Aurora's Journal Entry # 28,☆,Aurora's Journals,Storybook Vale,--,--,--,--
Aurora's Journal Entry # 29,☆,Aurora's Journals,Storybook Vale,--,--,--,--
Aurora's Journal Entry # 30,☆,Aurora's Journals,Storybook Vale,--,--,--,--
Aurora's Journal Entry # 31,☆,Aurora's Journals,Storybook Vale,--,--,--,--
Aurora's Journal Entry # 32,☆,Aurora's Journals,Storybook Vale,--,--,--,--
Aurora's Journal Entry # 33,☆,Aurora's Journals,Storybook Vale,--,--,--,--
Aurora's Journal Entry # 34,☆,Aurora's Journals,Storybook Vale,--,--,--,--
Aurora's Journal Entry # 35,☆,Aurora's Journals,Storybook Vale,--,--,--,--
Aurora's Journal Entry # 36,☆,Aurora's Journals,Storybook Vale,--,--,--,--
Aurora's Journal Entry # 37,☆,Aurora's Journals,Storybook Vale,--,--,--,--
Aurora's Journal Entry # 38,☆,Aurora's Journals,Storybook Vale,--,--,--,--
Aurora's Journal Entry # 39,☆,Aurora's Journals,Storybook Vale,--,--,--,--
Aurora's Journal Entry # 40,☆,Aurora's Journals,Storybook Vale,--,--,--,--
Aurora's Journal Entry # 41,☆,Aurora's Journals,Storybook Vale,--,--,--,--
Aurora's Journal Entry # 42,☆,Aurora's Journals,Storybook Vale,--,--,--,--
Aurora's Journal Entry # 43,☆,Aurora's Journals,Storybook Vale,--,--,--,--
Aurora's Journal Entry # 44,☆,Aurora's Journals,Storybook Vale,--,--,--,--
Aurora's Journal Entry # 45,☆,Aurora's Journals,Storybook Vale,--,--,--,--
Aurora's Journal Entry # 46,☆,Aurora's Journals,Storybook Vale,--,--,--,--
Aurora's Journal Entry # 47,☆,Aurora's Journals,Storybook Vale,--,--,--,--
Aurora's Journal Entry # 48,☆,Aurora's Journals,Storybook Vale,--,--,--,--
Aurora's Journal Entry # 49,☆,Aurora's Journals,Storybook Vale,--,--,--,--
Aurora's Journal Entry # 50,☆,Aurora's Journals,Storybook Vale,--,--,--,--
Beauty and the Beast Memory # 01,☆☆☆☆☆☆☆☆☆☆,Beauty and the Beast,Base Game,Feed Critters,Blue,--,--
Beauty and the Beast Memory # 02,☆☆☆☆☆☆☆☆☆☆,Beauty and the Beast,Base Game,Cooking,Green,--,--
Beauty and the Beast Memory # 03,☆☆☆☆☆☆☆☆☆☆,Beauty and the Beast,Base Game,Gardening,Purple,--,--
Beauty and the Beast Memory # 04,☆☆☆☆☆☆☆☆☆☆,Beauty and the Beast,Base Game,Removing Night Thorns/ Inkies/ Splinters of Fate,Red,--,--
Beauty and the Beast Memory # 05,☆☆☆☆☆☆☆☆☆☆,Beauty and the Beast,Base Game,Watering Flower,Yellow,--,--
Brave Memory # 01,☆☆☆☆☆☆☆☆☆☆,Brave,Storybook Vale,Snippets,Blue,--,--
Brave Memory # 02,☆☆☆☆☆☆☆☆☆☆,Brave,Storybook Vale,Gardening,Green,--,--
Brave Memory # 03,☆☆☆☆☆☆☆☆☆☆,Brave,Storybook Vale,Fishing,Purple,--,--
Brave Memory # 04,☆☆☆☆☆☆☆☆☆☆,Brave,Storybook Vale,Cooking,Yellow,--,--
Brave Memory # 05,☆☆☆☆☆☆☆☆☆☆,Brave,Storybook Vale,Removing Night Thorns/ Inkies/ Splinters of Fate,Yellow,--,--
Brave Memory # 06,☆☆☆☆☆☆☆☆☆☆,Brave,Storybook Vale,Feed Critters,Blue,--,--
Cinderella Memory # 01,☆☆☆☆☆☆☆☆☆☆,Cinderella,Base Game,Fishing,Blue,--,--
Cinderella Memory # 02,☆☆☆☆☆☆☆☆☆☆,Cinderella,Base Game,Mining,Green,--,--
Cinderella Memory # 03,☆☆☆☆☆☆☆☆☆☆,Cinderella,Base Game,Feed Critters,Purple,--,--
Cinderella Memory # 04,☆☆☆☆☆☆☆☆☆☆,Cinderella,Base Game,Watering Flower,Red,--,--
Cinderella Memory # 05,☆☆☆☆☆☆☆☆☆☆,Cinderella,Base Game,Cooking,Yellow,--,--
Cruella's Journal #01,☆,Cruella's Journal,Wishblossom Ranch,,,,
Cruella's Journal #02,☆,Cruella's Journal,Wishblossom Ranch,,,,
Cruella's Journal #03,☆,Cruella's Journal,Wishblossom Ranch,,,,
Cruella's Journal #04,☆,Cruella's Journal,Wishblossom Ranch,,,,
Base Game Memory # D01,☆,Base Game,Base Game,--,--,--,--
Base Game Memory # D02,☆,Base Game,Base Game,--,--,--,--
Base Game Memory # D03,☆,Base Game,Base Game,--,--,--,--
Base Game Memory # D04,☆,Base Game,Base Game,--,--,--,--
Base Game Memory # D05,☆,Base Game,Base Game,--,--,--,--
Base Game Memory # D06,☆,Base Game,Base Game,--,--,--,--
Base Game Memory # D07,☆,Base Game,Base Game,--,--,--,--
Base Game Memory # D08,☆,Base Game,Base Game,--,--,--,--
Base Game Memory # D09,☆,Base Game,Base Game,--,--,--,--
Base Game Memory # D10,☆,Base Game,Base Game,--,--,--,--
Base Game Memory # D11,☆,Base Game,Base Game,--,--,--,--
Base Game Memory # D12,☆,Base Game,Base Game,--,--,--,--
Base Game Memory # D13,☆,Base Game,Base Game,--,--,--,--
Base Game Memory # D14,☆,Base Game,Base Game,--,--,--,--
Base Game Memory # D15,☆,Base Game,Base Game,--,--,--,--
Base Game Memory # D16,☆,Base Game,Base Game,--,--,--,--
Base Game Memory # D17,☆,Base Game,Base Game,--,--,--,--
Base Game Memory # D18,☆,Base Game,Base Game,--,--,--,--
Base Game Memory # D19,☆,Base Game,Base Game,--,--,--,--
Base Game Memory # D20,☆,Base Game,Base Game,--,--,--,--
Base Game Memory # D21,☆,Base Game,Base Game,--,--,--,--
Base Game Memory # D22,☆,Base Game,Base Game,--,--,--,--
Base Game Memory # D23,☆,Base Game,Base Game,--,--,--,--
Base Game Memory # D24,☆☆☆☆☆☆,Base Game,Base Game,During the memory mania event. Find Riley's Birthday Cake  and open the Memory Orbs,Purple,--,--
Base Game Memory # D25,☆☆☆☆☆☆,Base Game,Base Game,During the memory mania event. Find Riley's Hockey Equippment and open the Memory Orbs,Yellow,--,--
Base Game Memory # D26,☆☆☆☆☆☆,Base Game,Base Game,During the memory mania event. Find Riley's Trophy's and open the Memory Orbs,Blue,--,--
Base Game Memory # D27,☆,Base Game,Base Game,--,--,--,--
Base Game Memory # D28,☆,Base Game,Base Game,--,--,--,--
Base Game Memory # D29,☆,Base Game,Base Game,--,--,--,--
Base Game Memory # D30,☆,Base Game,Base Game,--,--,--,--
Base Game Memory # D31,☆,Base Game,Base Game,--,--,--,--
Base Game Memory # D32,☆,Base Game,Base Game,--,--,--,--
Base Game Memory # D33,☆,Base Game,Base Game,--,--,--,--
Base Game Memory # D34,☆,Base Game,Base Game,--,--,--,--
Base Game Memory # D35,☆,Base Game,Base Game,--,--,--,--
Base Game Memory # D36,☆,Base Game,Base Game,--,--,--,--
Base Game Memory # D37,☆,Base Game,Base Game,--,--,--,--
Base Game Memory # D38,☆,Base Game,Base Game,--,--,--,--
Base Game Memory # D39,☆☆☆☆☆☆☆☆☆☆,Base Game,Base Game,During the memory mania event. Find Riley's Cell phone and open the Memory Orbs,Red,--,--
Base Game Memory # E01,☆,Base Game,Eternity Isle,--,--,--,--
Base Game Memory # E02,☆,Base Game,Eternity Isle,--,--,--,--
Base Game Memory # E03,☆,Base Game,Eternity Isle,--,--,--,--
Base Game Memory # E04,☆,Base Game,Eternity Isle,--,--,--,--
Base Game Memory # E05,☆,Base Game,Eternity Isle,--,--,--,--
Base Game Memory # E06,☆,Base Game,Eternity Isle,--,--,--,--
Base Game Memory # E07,☆,Base Game,Eternity Isle,--,--,--,--
Base Game Memory # E08,☆,Base Game,Eternity Isle,--,--,--,--
Base Game Memory # E09,☆,Base Game,Eternity Isle,--,--,--,--
Base Game Memory # E10,☆,Base Game,Eternity Isle,--,--,--,--
Base Game Memory # E11,☆,Base Game,Eternity Isle,--,--,--,--
Base Game Memory # S01,☆,Base Game,Storybook Vale,--,--,--,--
Base Game Memory # S02,☆,Base Game,Storybook Vale,--,--,--,--
Base Game Memory # S03,☆,Base Game,Storybook Vale,--,--,--,--
Base Game Memory # S04,☆,Base Game,Storybook Vale,--,--,--,--
Base Game Memory # S05,☆,Base Game,Storybook Vale,--,--,--,--
Base Game Memory # S06,☆,Base Game,Storybook Vale,--,--,--,--
Base Game Memory # S07,☆,Base Game,Storybook Vale,--,--,--,--
Base Game Memory # S08,☆,Base Game,Storybook Vale,--,--,--,--
Base Game Memory # S09,☆,Base Game,Storybook Vale,--,--,--,--
Base Game Memory #W01,☆,Base Game,Wishblossom Ranch,--,--,,
Base Game Memory #W02,☆,Base Game,Wishblossom Ranch,--,--,,
Encanto Memory # 01,☆☆☆☆☆☆☆☆☆☆,Encanto,Eternity Isle,Feed Critters,Green,--,--
Encanto Memory # 02,☆☆☆☆☆☆☆☆☆☆,Encanto,Eternity Isle,Gardening,Yellow,--,--
Encanto Memory # 03,☆☆☆☆☆☆☆☆☆☆,Encanto,Eternity Isle,Cooking,Blue,--,--
Encanto Memory # 04,☆☆☆☆☆☆☆☆☆☆,Encanto,Eternity Isle,Mining,Red,--,--
Encanto Memory # 05,☆☆☆☆☆☆☆☆☆☆,Encanto,Eternity Isle,Fishing,Purple,--,--
Frozen Memory # 01,☆☆☆☆☆☆☆☆☆☆,Frozen,Base Game,Mining,Blue,--,--
Frozen Memory # 02,☆☆☆☆☆☆☆☆☆☆,Frozen,Base Game,Fishing,Green,--,--
Frozen Memory # 03,☆☆☆☆☆☆☆☆☆☆,Frozen,Base Game,Watering Flower,Purple,--,--
Frozen Memory # 04,☆☆☆☆☆☆☆☆☆☆,Frozen,Base Game,Feed Critters,Red,--,--
Frozen Memory # 05,☆☆☆☆☆☆☆☆☆☆,Frozen,Base Game,Gardening,Yellow,--,--
Gaston's Journal # 01,☆,Gaston's Journal,Eternity Isle,--,--,--,--
Gaston's Journal # 02,☆,Gaston's Journal,Eternity Isle,--,--,--,--
Gaston's Journal # 03,☆,Gaston's Journal,Eternity Isle,--,--,--,--
Gaston's Journal # 04,☆,Gaston's Journal,Eternity Isle,--,--,--,--
Gaston's Journal # 05,☆,Gaston's Journal,Eternity Isle,--,--,--,--
Gaston's Journal # 06,☆,Gaston's Journal,Eternity Isle,--,--,--,--
Gaston's Journal # 07,☆,Gaston's Journal,Eternity Isle,--,--,--,--
Gaston's Journal # 08,☆,Gaston's Journal,Eternity Isle,--,--,--,--
Gaston's Journal # 09,☆,Gaston's Journal,Eternity Isle,--,--,--,--
Gaston's Journal # 10,☆,Gaston's Journal,Eternity Isle,--,--,--,--
Gaston's Journal # 11,☆,Gaston's Journal,Eternity Isle,--,--,--,--
Gaston's Journal # 12,☆,Gaston's Journal,Eternity Isle,--,--,--,--
Gaston's Journal # 13,☆,Gaston's Journal,Eternity Isle,--,--,--,--
Gaston's Journal # 14,☆,Gaston's Journal,Eternity Isle,--,--,--,--
Gaston's Journal # 15,☆,Gaston's Journal,Eternity Isle,--,--,--,--
Gaston's Journal # 16,☆,Gaston's Journal,Eternity Isle,--,--,--,--
Gaston's Journal # 17,☆,Gaston's Journal,Eternity Isle,--,--,--,--
Hercules Memory # 01,☆☆☆☆☆☆☆☆☆☆,Hercules,Storybook Vale,Snippets,Blue,--,--
Hercules Memory # 02,☆☆☆☆☆☆☆☆☆☆,Hercules,Storybook Vale,Mining,Green,--,--
Hercules Memory # 03,☆☆☆☆☆☆☆☆☆☆,Hercules,Storybook Vale,Digging,Purple,--,--
Hercules Memory # 04,☆☆☆☆☆☆☆☆☆☆,Hercules,Storybook Vale,Removing Obstacles,Blue,--,--
Hercules Memory # 05,☆☆☆☆☆☆☆☆☆☆,Hercules,Storybook Vale,Gardening,Yellow,--,--
Hercules Memory # 06,☆☆☆☆☆☆☆☆☆☆,Hercules,Storybook Vale,Fishing,Green,--,--
Jafar's Journal #1,☆,Jafar's Journal,Eternity Isle,--,--,--,--
Jafar's Journal #2,☆,Jafar's Journal,Eternity Isle,--,--,--,--
Jafar's Journal #3,☆,Jafar's Journal,Eternity Isle,--,--,--,--
Jafar's Journal #4,☆,Jafar's Journal,Eternity Isle,--,--,--,--
Jafar's Journal #5,☆,Jafar's Journal,Eternity Isle,--,--,--,--
Jafar's Journal #6,☆,Jafar's Journal,Eternity Isle,--,--,--,--
Jafar's Journal #7,☆,Jafar's Journal,Eternity Isle,--,--,--,--
Lilo & Stitch Memory # 01,☆☆☆☆☆☆☆☆☆☆,Lilo & Stitch,Eternity Isle,Fishing,Purple,--,--
Lilo & Stitch Memory # 02,☆☆☆☆☆☆☆☆☆☆,Lilo & Stitch,Eternity Isle,Feed Critters,Green,--,--
Lilo & Stitch Memory # 03,☆☆☆☆☆☆☆☆☆☆,Lilo & Stitch,Eternity Isle,Gardening,Yellow,--,--
Lilo & Stitch Memory # 04,☆☆☆☆☆☆☆☆☆☆,Lilo & Stitch,Eternity Isle,Cooking,Blue,--,--
Lilo & Stitch Memory # 05,☆☆☆☆☆☆☆☆☆☆,Lilo & Stitch,Eternity Isle,Mining,Red,--,--
Aladdin,☆,Lorekeeper Tales,Storybook Vale,--,--,* 25 x Blue Bird Snippet,Agrabah Chair
Alice in Wonderland,☆,Lorekeeper Tales,Storybook Vale,--,--,"* 15 x Shadowy Frog Snippet
* 5 x Pink Frog Snippet
* 20 x Yellow Frog Snippet",Curious Doors
Auroa and the Sacred Spring,☆,Lorekeeper Tales,Storybook Vale,--,--,"* 10 x Red Bird Snippet
* 5 x Pink Demon Snippet
* 2 x Blue Demon Snippet",Floor Patter
Aurora and the Teapot Falls,☆,Lorekeeper Tales,Storybook Vale,--,--,"* 10 x Green Frog Snippet
* 5 x Red Frog Snippet
* 3 x Blue Bird Snippet",Broken Teacup
Beauty and the Beast,☆,Lorekeeper Tales,Storybook Vale,--,--,"* 5 x Red Bird Snippet
* 20 x Blue Bird Snippet",Pocket Watch Necklace
Brave,☆,Lorekeeper Tales,Storybook Vale,--,--,"* 5 x Green Bird Snippet
* 5 x Yellow Bird Snippet
* 35 x Green Demon Snippet",Change of Fate Rug
Cinderella,☆,Lorekeeper Tales,Storybook Vale,--,--,"* 10 x Red Bird Snippet
* 25 x Blue Bird Snippet",Green Floor Pattern
Coco,☆,Lorekeeper Tales,Storybook Vale,--,--,"* 10 x Shadowy Demon Snippet
* 5 x Blue Demon Snippet
* 15 x Red Demon Snippet",Fall Leaves Rug
Encanto,☆,Lorekeeper Tales,Storybook Vale,--,--,"* 15 x Blue Bird Snippet
10 x Pink Demon Snippet",Madrigal Family Door
Frozen,☆,Lorekeeper Tales,Storybook Vale,--,--,"* 35 x Blue Bird Snippet
* 30 x Green Frog Snippet
* 15 x Pink Demon Snippet",Queen Iduna Costume Gown
Hercules,☆,Lorekeeper Tales,Storybook Vale,--,--,"* 20 x Green Frog Snippet
* 10 x Red Frog Snippet
* 30 x Purple Frog Snippet",Fountains of Thebes
Inside Out,☆,Lorekeeper Tales,Storybook Vale,--,--,"* 20 x Shadowy Bird Snippet
* 20 x Shadowy Frog Snippet
* 20 x Shadowy Demon Snippet",Bing Bong Glider
Lady and the Tramp,☆,Lorekeeper Tales,Storybook Vale,--,--,"* 20 x Shadowy Bird Snippet
* 20 x Blue Bird Snippet
* 5 x Blue Demon Snippet",Striped Gift Box
Lilo & Stitch,☆,Lorekeeper Tales,Storybook Vale,--,--,"* 10 x Red Bird Snippet
* 35 x Blue Bird Snippet
* 15 x Pink Demon Snippet",Lilo's Bunk Bed
Maleficent's Journey,☆,Lorekeeper Tales,Storybook Vale,--,--,"* 5 x Shadowy Bird Snippet
 * 5 x Shadowy Frog Snippet
 * 5 x Shadowy Demon Snippet",Straw and Wood Dragon Dummy
Moana,☆,Lorekeeper Tales,Storybook Vale,--,--,"* 10 x Blue Bird Snippet
* 15 x Green Bird Snippet",Plumeria Flower Path
Monster's Inc.,☆,Lorekeeper Tales,Storybook Vale,--,--,"* 10 x Red Bird Snippet
* 5 x Yellow Bird Snippet
* 10 x Red Frog Snippet",Corporate Ceiling Lamp
Mulan,☆,Lorekeeper Tales,Storybook Vale,--,--,"* 5 x Green Bird Snippet
* 5 x Blue Demon Snippet
* 15 x Red Demon Snippet",Garden Temple
Once Upon a Time in Storybook Vale,☆,Lorekeeper Tales,Storybook Vale,--,--,"* 5 x Green Bird Snippet
* 5 x Yellow Bird Snippet
* 70 x Yellow Frog Snippet",--
One Hundred and One Dalmations,☆,Lorekeeper Tales,Storybook Vale,--,--," * 5 x Shadowy Demon Snippet
* 10 x Pink Demon Snippet
* 5 x Blue Demon Snippet",Standing Cello
Peter Pan,☆,Lorekeeper Tales,Storybook Vale,--,--,"* 10 x Shadowy Bird Snippet
* 20 x Red Bird Snippet
* 5 x Pink Frog Snippet",Jolly Roger Flag
Ratatouille,☆,Lorekeeper Tales,Storybook Vale,--,--,"* 35 x Purple Frog Snippet
* 5 x Blue Demon Snippet
* 25 x Red Demon Snippet","""La Ratatouille"" Sign"
Robin Hood,☆,Lorekeeper Tales,Storybook Vale,--,--,"* 10 x Shadowy Frog Snippet
* 2 x Pink Frog Snippet
* 15 x Purple Frog Snippet",Archery Target Hutch
Sleeping Beauty,☆,Lorekeeper Tales,Storybook Vale,--,--,"* 30 x Blue Bird Snippet
* 5 x Green Frog Snippet
* 5 x Blue Bird Snippet",Bard's Cap
Snow White,☆,Lorekeeper Tales,Storybook Vale,--,--,"* 5 x Shadowy Frog Snippet
* 10 x Green Frog Snippet
* 5 x Pink Frog Snippet",Evil Queen's Lockbox
Tangled,☆,Lorekeeper Tales,Storybook Vale,--,--,"* 20 x Red Bird Snippet
* 10 x Blue Bird Snippet
* 30 x Green Frog Snippet",Potted Blooming Tree
The Incredibles,☆,Lorekeeper Tales,Storybook Vale,--,--,"* 15 x Shadowy Demon Snippet
* 5 x Blue Demon Snippet
* 20 x Green Demon Snippet",Mirage Office Chair
The Lion King,☆,Lorekeeper Tales,Storybook Vale,--,--,"* 10 x Red Bird Snippet
* 30 x Blue Bird Snippet",Giant Leaf Chair
The Little Mermaid,☆,Lorekeeper Tales,Storybook Vale,--,--,"* 20 x Red Bird Snippet
* 30 x Green Frog Snippet
* 15 x Pink Demon Snippet",Sea Palace Window
The Nightmare Before Christmas,☆,Lorekeeper Tales,Storybook Vale,--,--,"* 5 x Yellow Bird Snippet
* 10 x Red Frog Snippet
* 25 x Purple Frog Snippet",Halloween Town Clock
The Princess and the Frog,☆,Lorekeeper Tales,Storybook Vale,--,--,"* 20 x Yellow Frog Snippet
10 x Green Demon Snippet",The Princess and the Frog Chest
The Sorcerer's Apprentice,☆,Lorekeeper Tales,Storybook Vale,--,--,"* 5 x Green Bird Snippet
* 5 x Yellow Bird Snippet
* 70 x Yellow Frog Snippet",--
The Spark of Spite,☆,Lorekeeper Tales,Storybook Vale,--,--,"* 4 x Dark Frog Snippets
* 3 x Dark Demon Snippets",The Stained Glass Window to Imagination
The Story of Base Game,☆,Lorekeeper Tales,Storybook Vale,--,--,"* 3 x Rainbow Bird Snippet
 * 2 x Rainbow Frog Snippet
* 3 x Rainbow Demon Snippet",Baby Aurora's Bassinet
The Sword in the Stone,☆,Lorekeeper Tales,Storybook Vale,--,--,"* 10 x Pink Demon Snippet
* 5 x Blue Demon Snippet
* 20 x Red Demon Snippet",Medieval Wooden Chair
Toy Story,☆,Lorekeeper Tales,Storybook Vale,--,--,"* 10 x Red Frog Snippet
* 35 x Purple Frog Snippet
* 25 x Red Demon Snippet",Dump Truck Armchair
WALL-E,☆,Lorekeeper Tales,Storybook Vale,--,--,"* 5 x Green Bird Snippet
* 25 x Pink Demon Snippet
* 5 x Blue Demon Snippet",Transportation Table
Winnie the Pooh,☆,Lorekeeper Tales,Storybook Vale,--,--,"* 5 x Shadowy Bird Snippet
* 10 x Red Bird Snippet
* 10 x Blue Bird Snippet",Decorative Honey Pots
Wreck-It Ralph,☆,Lorekeeper Tales,Storybook Vale,--,--,"* 5 x Yellow Bird Snippet
* 45 x Green Frog Snippet
* 10 x Red Frog Snippet",Royal Candy Door
Mickey & Friends Memory # 01,☆☆☆☆☆☆☆☆☆☆,Mickey & Friends,Base Game,Fishing,Blue,--,--
Mickey & Friends Memory # 02,☆☆☆☆☆☆☆☆☆☆,Mickey & Friends,Base Game,Watering Flower,Green,--,--
Mickey & Friends Memory # 03,☆☆☆☆☆☆☆☆☆☆,Mickey & Friends,Base Game,Mining,Purple,--,--
Mickey & Friends Memory # 04,☆☆☆☆☆☆☆☆☆☆,Mickey & Friends,Base Game,Feed Critters,Red,--,--
Mickey & Friends Memory # 05,☆☆☆☆☆☆☆☆☆☆,Mickey & Friends,Base Game,Cooking,Yellow,--,--
Moana Memory # 01,☆☆☆☆☆☆☆☆☆☆,Moana,Base Game,Fishing,Blue,--,--
Moana Memory # 02,☆☆☆☆☆☆☆☆☆☆,Moana,Base Game,Digging,Green,--,--
Moana Memory # 03,☆☆☆☆☆☆☆☆☆☆,Moana,Base Game,Gardening,Purple,--,--
Moana Memory # 04,☆☆☆☆☆☆☆☆☆☆,Moana,Base Game,Watering Flower,Red,--,--
Moana Memory # 05,☆☆☆☆☆☆☆☆☆☆,Moana,Base Game,Removing Night Thorns/ Inkies/ Splinters of Fate,Yellow,--,--
Monster's Inc. Keycard Piece # 01,☆,Monster's Inc.,Base Game,--,--,--,--
Monster's Inc. Keycard Piece # 02,☆,Monster's Inc.,Base Game,--,--,--,--
Monster's Inc. Keycard Piece # 03,☆,Monster's Inc.,Base Game,--,--,--,--
Monster's Inc. Memory # 01,☆,Monster's Inc.,Base Game,Feed Critters,Blue,--,--
Monster's Inc. Memory # 02,☆,Monster's Inc.,Base Game,Gardening,Green,--,--
Monster's Inc. Memory # 03,☆,Monster's Inc.,Base Game,Mining,Purple,--,--
Monster's Inc. Memory # 04,☆,Monster's Inc.,Base Game,Cooking,Red,--,--
Monster's Inc. Memory # 05,☆,Monster's Inc.,Base Game,Fishing,Yellow,--,--
Monster's Inc. Sticky Notes # 01,☆,Monster's Inc. Sticky Notes,Base Game,--,--,--,--
Monster's Inc. Sticky Notes # 02,☆,Monster's Inc. Sticky Notes,Base Game,--,--,--,--
Monster's Inc. Sticky Notes # 03,☆,Monster's Inc. Sticky Notes,Base Game,--,--,--,--
Monster's Inc. Sticky Notes # 04,☆,Monster's Inc. Sticky Notes,Base Game,--,--,--,--
Monster's Inc. Sticky Notes # 05,☆,Monster's Inc. Sticky Notes,Base Game,--,--,--,--
Monster's Inc. Sticky Notes # 06,☆,Monster's Inc. Sticky Notes,Base Game,--,--,--,--
Monster's Inc. Sticky Notes # 07,☆,Monster's Inc. Sticky Notes,Base Game,--,--,--,--
Monster's Inc. Sticky Notes # 08,☆,Monster's Inc. Sticky Notes,Base Game,--,--,--,--
Monster's Inc. Sticky Notes # 09,☆,Monster's Inc. Sticky Notes,Base Game,--,--,--,--
Monster's Inc. Sticky Notes # 10,☆,Monster's Inc. Sticky Notes,Base Game,--,--,--,--
Old Ruler's Lost Diary # D01,☆,Old Ruler's Lost Diaries,Base Game,--,--,--,--
Old Ruler's Lost Diary # D02,☆,Old Ruler's Lost Diaries,Base Game,--,--,--,--
Old Ruler's Lost Diary # D03,☆,Old Ruler's Lost Diaries,Base Game,--,--,--,--
Old Ruler's Lost Diary # D04,☆,Old Ruler's Lost Diaries,Base Game,--,--,--,--
Old Ruler's Lost Diary # D05,☆,Old Ruler's Lost Diaries,Base Game,--,--,--,--
Old Ruler's Lost Diary # D06,☆,Old Ruler's Lost Diaries,Base Game,--,--,--,--
Old Ruler's Lost Diary # D07,☆,Old Ruler's Lost Diaries,Base Game,--,--,--,--
Old Ruler's Lost Diary # D08,☆,Old Ruler's Lost Diaries,Base Game,--,--,--,--
Old Ruler's Lost Diary # D09,☆,Old Ruler's Lost Diaries,Base Game,--,--,--,--
Old Ruler's Lost Diary # D10,☆,Old Ruler's Lost Diaries,Base Game,--,--,--,--
Old Ruler's Lost Diary # D11,☆,Old Ruler's Lost Diaries,Base Game,--,--,--,--
Old Ruler's Lost Diary # D12,☆,Old Ruler's Lost Diaries,Base Game,--,--,--,--
Old Ruler's Lost Diary # D13,☆,Old Ruler's Lost Diaries,Base Game,--,--,--,--
Old Ruler's Lost Diary # D14,☆,Old Ruler's Lost Diaries,Base Game,--,--,--,--
Old Ruler's Lost Diary # D15,☆,Old Ruler's Lost Diaries,Base Game,--,--,--,--
Old Ruler's Lost Diary # D16,☆,Old Ruler's Lost Diaries,Base Game,--,--,--,--
Old Ruler's Lost Diary # D17,☆,Old Ruler's Lost Diaries,Base Game,--,--,--,--
Old Ruler's Lost Diary # D18,☆,Old Ruler's Lost Diaries,Base Game,--,--,--,--
Old Ruler's Lost Diary # D19,☆,Old Ruler's Lost Diaries,Base Game,--,--,--,--
Old Ruler's Lost Diary # D20,☆,Old Ruler's Lost Diaries,Base Game,--,--,--,--
Old Ruler's Lost Diary # D21,☆,Old Ruler's Lost Diaries,Base Game,--,--,--,--
Old Ruler's Lost Diary # D22,☆,Old Ruler's Lost Diaries,Base Game,--,--,--,--
Old Ruler's Lost Diary # D23,☆,Old Ruler's Lost Diaries,Base Game,--,--,--,--
Old Ruler's Lost Diary # D24,☆,Old Ruler's Lost Diaries,Base Game,--,--,--,--
Old Ruler's Lost Diary # D25,☆,Old Ruler's Lost Diaries,Base Game,--,--,--,--
Old Ruler's Lost Diary # D26,☆,Old Ruler's Lost Diaries,Base Game,--,--,--,--
Old Ruler's Lost Diary # D27,☆,Old Ruler's Lost Diaries,Base Game,--,--,--,--
Old Ruler's Lost Diary # D28,☆,Old Ruler's Lost Diaries,Base Game,--,--,--,--
Old Ruler's Lost Diary # D29,☆,Old Ruler's Lost Diaries,Base Game,--,--,--,--
Old Ruler's Lost Diary # D30,☆,Old Ruler's Lost Diaries,Base Game,--,--,--,--
Old Ruler's Lost Diary # D31,☆,Old Ruler's Lost Diaries,Base Game,--,--,--,--
Old Ruler's Lost Diary # D32,☆,Old Ruler's Lost Diaries,Base Game,--,--,--,--
Old Ruler's Lost Diary # D33,☆,Old Ruler's Lost Diaries,Base Game,--,--,--,--
Old Ruler's Lost Diary # D34,☆,Old Ruler's Lost Diaries,Base Game,--,--,--,--
Old Ruler's Lost Diary # D35,☆,Old Ruler's Lost Diaries,Base Game,--,--,--,--
Old Ruler's Lost Diary # D36,☆,Old Ruler's Lost Diaries,Base Game,--,--,--,--
Old Ruler's Lost Diary # D37,☆,Old Ruler's Lost Diaries,Base Game,--,--,--,--
Old Ruler's Lost Diary # D38,☆,Old Ruler's Lost Diaries,Base Game,--,--,--,--
Old Ruler's Lost Diary # D39,☆,Old Ruler's Lost Diaries,Base Game,--,--,--,--
Old Ruler's Lost Diary # D40,☆,Old Ruler's Lost Diaries,Base Game,--,--,--,--
Old Ruler's Lost Diary # D41,☆,Old Ruler's Lost Diaries,Base Game,--,--,--,--
Old Ruler's Lost Diary # D42,☆,Old Ruler's Lost Diaries,Base Game,--,--,--,--
Old Ruler's Lost Diary # D43,☆,Old Ruler's Lost Diaries,Base Game,--,--,--,--
Old Ruler's Lost Diary # D44,☆,Old Ruler's Lost Diaries,Base Game,--,--,--,--
Old Ruler's Lost Diary # D45,☆,Old Ruler's Lost Diaries,Base Game,--,--,--,--
Old Ruler's Lost Diary # D46,☆,Old Ruler's Lost Diaries,Base Game,--,--,--,--
Old Ruler's Lost Diary # D47,☆,Old Ruler's Lost Diaries,Base Game,--,--,--,--
Old Ruler's Lost Diary # D48,☆,Old Ruler's Lost Diaries,Base Game,--,--,--,--
Old Ruler's Lost Diary # D49,☆,Old Ruler's Lost Diaries,Base Game,--,--,--,--
Old Ruler's Lost Diary # D50,☆,Old Ruler's Lost Diaries,Base Game,--,--,--,--
Old Ruler's Lost Diary # D51,☆,Old Ruler's Lost Diaries,Base Game,--,--,--,--
Old Ruler's Lost Diary # D52,☆,Old Ruler's Lost Diaries,Base Game,--,--,--,--
Old Ruler's Lost Diary # D53,☆,Old Ruler's Lost Diaries,Base Game,--,--,--,--
Old Ruler's Lost Diary # E01,☆,Old Ruler's Lost Diaries,Eternity Isle,--,--,--,--
Old Ruler's Lost Diary # E02,☆,Old Ruler's Lost Diaries,Eternity Isle,--,--,--,--
Old Ruler's Lost Diary # E03,☆,Old Ruler's Lost Diaries,Eternity Isle,--,--,--,--
Old Ruler's Lost Diary # E04,☆,Old Ruler's Lost Diaries,Eternity Isle,--,--,--,--
Old Ruler's Lost Diary # E05,☆,Old Ruler's Lost Diaries,Eternity Isle,--,--,--,--
Old Ruler's Lost Diary # E06,☆,Old Ruler's Lost Diaries,Eternity Isle,--,--,--,--
Old Ruler's Lost Diary # E07,☆,Old Ruler's Lost Diaries,Eternity Isle,--,--,--,--
Old Ruler's Lost Diary # E08,☆,Old Ruler's Lost Diaries,Eternity Isle,--,--,--,--
Old Ruler's Lost Diary # E09,☆,Old Ruler's Lost Diaries,Eternity Isle,--,--,--,--
Rapunzel's Lyric's # 01,☆,Rapunzel's Lyrics,Eternity Isle,--,--,--,--
Rapunzel's Lyric's # 02,☆,Rapunzel's Lyrics,Eternity Isle,--,--,--,--
Rapunzel's Lyric's # 03,☆,Rapunzel's Lyrics,Eternity Isle,--,--,--,--
Rapunzel's Lyric's # 04,☆,Rapunzel's Lyrics,Eternity Isle,--,--,--,--
Rapunzel's Lyric's # 05,☆,Rapunzel's Lyrics,Eternity Isle,--,--,--,--
Rapunzel's Lyric's # 06,☆,Rapunzel's Lyrics,Eternity Isle,--,--,--,--
Rapunzel's Lyric's # 07,☆,Rapunzel's Lyrics,Eternity Isle,--,--,--,--
Rapunzel's Lyric's # 08,☆,Rapunzel's Lyrics,Eternity Isle,--,--,--,--
Rapunzel's Lyric's # 09,☆,Rapunzel's Lyrics,Eternity Isle,--,--,--,--
Rapunzel's Lyric's # 10,☆,Rapunzel's Lyrics,Eternity Isle,--,--,--,--
Rapunzel's Lyric's # 11,☆,Rapunzel's Lyrics,Eternity Isle,--,--,--,--
Rapunzel's Lyric's # 12,☆,Rapunzel's Lyrics,Eternity Isle,--,--,--,--
Rapunzel's Lyric's # 13,☆,Rapunzel's Lyrics,Eternity Isle,--,--,--,--
Rapunzel's Lyric's # 14,☆,Rapunzel's Lyrics,Eternity Isle,--,--,--,--
Rapunzel's Lyric's # 15,☆,Rapunzel's Lyrics,Eternity Isle,--,--,--,--
Rapunzel's Lyric's # 16,☆,Rapunzel's Lyrics,Eternity Isle,--,--,--,--
Rapunzel's Lyric's # 17,☆,Rapunzel's Lyrics,Eternity Isle,--,--,--,--
Rapunzel's Lyric's # 18,☆,Rapunzel's Lyrics,Eternity Isle,--,--,--,--
Rapunzel's Lyric's # 19,☆,Rapunzel's Lyrics,Eternity Isle,--,--,--,--
Rapunzel's Lyric's # 20,☆,Rapunzel's Lyrics,Eternity Isle,--,--,--,--
Rapunzel's Lyric's # 21,☆,Rapunzel's Lyrics,Eternity Isle,--,--,--,--
Ratatouille Memory # 01,☆☆☆☆☆☆☆☆☆☆,Ratatouille,Base Game,Cooking,Blue,--,--
Ratatouille Memory # 02,☆☆☆☆☆☆☆☆☆☆,Ratatouille,Base Game,Fishing,Green,--,--
Ratatouille Memory # 03,☆☆☆☆☆☆☆☆☆☆,Ratatouille,Base Game,Gardening,Purple,--,--
Ratatouille Memory # 04,☆☆☆☆☆☆☆☆☆☆,Ratatouille,Base Game,Feed Critters,Red,--,--
Ratatouille Memory # 05,☆☆☆☆☆☆☆☆☆☆,Ratatouille,Base Game,Watering Flower,Yellow,--,--
Sleeping Beauty Memory # 01,☆☆☆☆☆☆☆☆☆☆,Sleeping Beauty,Storybook Vale,Snippets,Blue,--,--
Sleeping Beauty Memory # 02,☆☆☆☆☆☆☆☆☆☆,Sleeping Beauty,Storybook Vale,Removing Night Thorns/ Inkies/ Splinters of Fate,Green,--,--
Sleeping Beauty Memory # 03,☆☆☆☆☆☆☆☆☆☆,Sleeping Beauty,Storybook Vale,Feed Critters,Purple,--,--
Sleeping Beauty Memory # 04,☆☆☆☆☆☆☆☆☆☆,Sleeping Beauty,Storybook Vale,Mining,Red,--,--
Sleeping Beauty Memory # 05,☆☆☆☆☆☆☆☆☆☆,Sleeping Beauty,Storybook Vale,Digging,Yellow,--,--
Sleeping Beauty Memory # 06,☆☆☆☆☆☆☆☆☆☆,Sleeping Beauty,Storybook Vale,Removing Obstacles,Blue,--,--
Sleeping Beauty Memory # 07,☆☆☆☆☆☆☆☆☆☆,Sleeping Beauty,Storybook Vale,Gardening,Red,--,--
Tangled Memory # D01,☆☆☆☆☆☆☆☆☆☆,Tangled,Base Game,Gardening,Blue,--,--
Tangled Memory # D02,☆☆☆☆☆☆☆☆☆☆,Tangled,Base Game,Watering Flower,Green,--,--
Tangled Memory # D03,☆☆☆☆☆☆☆☆☆☆,Tangled,Base Game,Cooking,Purple,--,--
Tangled Memory # D04,☆☆☆☆☆☆☆☆☆☆,Tangled,Base Game,Removing Night Thorns/ Inkies/ Splinters of Fate,Red,--,--
Tangled Memory # D05,☆☆☆☆☆☆☆☆☆☆,Tangled,Base Game,Feed Critters,Yellow,--,--
Tangled Memory # E01,☆☆☆☆☆☆☆☆☆☆,Tangled,Storybook Vale,Snippets,Blue,--,--
Tangled Memory # E02,☆☆☆☆☆☆☆☆☆☆,Tangled,Storybook Vale,Cooking,Green,--,--
Tangled Memory # E03,☆☆☆☆☆☆☆☆☆☆,Tangled,Storybook Vale,Removing Night Thorns/ Inkies/ Splinters of Fate,Blue,--,--
Tangled Memory # E04,☆☆☆☆☆☆☆☆☆☆,Tangled,Storybook Vale,Feed Critters,Red,--,--
Tangled Memory # E05,☆☆☆☆☆☆☆☆☆☆,Tangled,Storybook Vale,Mining,Yellow,--,--
Tangled Memory # E06,☆☆☆☆☆☆☆☆☆☆,Tangled,Storybook Vale,Digging,Yellow,--,--
The Lion King Memory # 01,☆☆☆☆☆☆☆☆☆☆,The Lion King,Base Game,Gardening,Blue,--,--
The Lion King Memory # 02,☆☆☆☆☆☆☆☆☆☆,The Lion King,Base Game,Cooking,Green,--,--
The Lion King Memory # 03,☆☆☆☆☆☆☆☆☆☆,The Lion King,Base Game,Removing Night Thorns/ Inkies/ Splinters of Fate,Purple,--,--
The Lion King Memory # 04,☆☆☆☆☆☆☆☆☆☆,The Lion King,Base Game,Watering Flower,Red,--,--
The Lion King Memory # 05,☆☆☆☆☆☆☆☆☆☆,The Lion King,Base Game,Feed Critters,Yellow,--,--
The Little Mermaid Memory # 01,☆☆☆☆☆☆☆☆☆☆,The Little Mermaid,Base Game,Fishing,Blue,--,--
The Little Mermaid Memory # 02,☆☆☆☆☆☆☆☆☆☆,The Little Mermaid,Base Game,Digging,Green,--,--
The Little Mermaid Memory # 03,☆☆☆☆☆☆☆☆☆☆,The Little Mermaid,Base Game,Cooking,Purple,--,--
The Little Mermaid Memory # 04,☆☆☆☆☆☆☆☆☆☆,The Little Mermaid,Base Game,Removing Night Thorns/ Inkies/ Splinters of Fate,Red,--,--
The Little Mermaid Memory # 05,☆☆☆☆☆☆☆☆☆☆,The Little Mermaid,Base Game,Gardening,Yellow,--,--
The Nightmare Before Christmas Memory # 01,☆☆☆☆☆☆☆☆☆☆,The Nightmare Before Christmas,Eternity Isle,Gardening,Yellow,--,--
The Nightmare Before Christmas Memory # 02,☆☆☆☆☆☆☆☆☆☆,The Nightmare Before Christmas,Eternity Isle,Feed Critters,Green,--,--
The Nightmare Before Christmas Memory # 03,☆☆☆☆☆☆☆☆☆☆,The Nightmare Before Christmas,Eternity Isle,Fishing,Purple,--,--
The Nightmare Before Christmas Memory # 04,☆☆☆☆☆☆☆☆☆☆,The Nightmare Before Christmas,Eternity Isle,Mining,Red,--,--
The Nightmare Before Christmas Memory # 05,☆☆☆☆☆☆☆☆☆☆,The Nightmare Before Christmas,Eternity Isle,Cooking,Blue,--,--
The Princess and the Frog Memory # 01,☆☆☆☆☆☆☆☆☆☆,The Princess and the Frog,Eternity Isle,Mining,Red,--,--
The Princess and the Frog Memory # 02,☆☆☆☆☆☆☆☆☆☆,The Princess and the Frog,Eternity Isle,Fishing,Purple,--,--
The Princess and the Frog Memory # 03,☆☆☆☆☆☆☆☆☆☆,The Princess and the Frog,Eternity Isle,Feed Critters,Green,--,--
The Princess and the Frog Memory # 04,☆☆☆☆☆☆☆☆☆☆,The Princess and the Frog,Eternity Isle,Gardening,Yellow,--,--
The Princess and the Frog Memory # 05,☆☆☆☆☆☆☆☆☆☆,The Princess and the Frog,Eternity Isle,Cooking,Blue,--,--
The Sword in the Stone Memory # 01,☆☆☆☆☆☆☆☆☆☆,The Sword in the Stone,Base Game,Cooking,Blue,--,--
The Sword in the Stone Memory # 02,☆☆☆☆☆☆☆☆☆☆,The Sword in the Stone,Base Game,Removing Night Thorns/ Inkies/ Splinters of Fate,Green,--,--
The Sword in the Stone Memory # 03,☆☆☆☆☆☆☆☆☆☆,The Sword in the Stone,Base Game,Fishing,Purple,--,--
The Sword in the Stone Memory # 04,☆☆☆☆☆☆☆☆☆☆,The Sword in the Stone,Base Game,Mining,Red,--,--
The Sword in the Stone Memory # 05,☆☆☆☆☆☆☆☆☆☆,The Sword in the Stone,Base Game,Feed Critters,Yellow,--,--
Toy Story Memory # 01,☆☆☆☆☆☆☆☆☆☆,Toy Story,Base Game,Mining,Blue,--,--
Toy Story Memory # 02,☆☆☆☆☆☆☆☆☆☆,Toy Story,Base Game,Removing Night Thorns/ Inkies/ Splinters of Fate,Green,--,--
Toy Story Memory # 03,☆☆☆☆☆☆☆☆☆☆,Toy Story,Base Game,Watering Flower,Purple,--,--
Toy Story Memory # 04,☆☆☆☆☆☆☆☆☆☆,Toy Story,Base Game,Gardening,Red,--,--
Toy Story Memory # 05,☆☆☆☆☆☆☆☆☆☆,Toy Story,Base Game,Removing Night Thorns/ Inkies/ Splinters of Fate,Yellow,--,--
WALL-E Memory # 01,☆☆☆☆☆☆☆☆☆☆,WALL-E,Base Game,Digging,Blue,--,--
WALL-E Memory # 02,☆☆☆☆☆☆☆☆☆☆,WALL-E,Base Game,Gardening,Green,--,--
WALL-E Memory # 03,☆☆☆☆☆☆☆☆☆☆,WALL-E,Base Game,Fishing,Purple,--,--
WALL-E Memory # 04,☆☆☆☆☆☆☆☆☆☆,WALL-E,Base Game,Cooking,Red,--,--
WALL-E Memory # 05,☆☆☆☆☆☆☆☆☆☆,WALL-E,Base Game,Removing Night Thorns/ Inkies/ Splinters of Fate,Yellow,--,--
Wreck-It Ralph Memory # 01,☆☆☆☆☆☆☆☆☆☆,Wreck-it Ralph,Base Game,Removing Night Thorns/ Inkies/ Splinters of Fate,Blue,--,--
Wreck-It Ralph Memory # 02,☆☆☆☆☆☆☆☆☆☆,Wreck-it Ralph,Base Game,Feed Critters,Green,--,--
Wreck-It Ralph Memory # 03,☆☆☆☆☆☆☆☆☆☆,Wreck-it Ralph,Base Game,Digging,Purple,--,--
Wreck-It Ralph Memory # 04,☆☆☆☆☆☆☆☆☆☆,Wreck-it Ralph,Base Game,Watering Flower,Red,--,--
Wreck-It Ralph Memory # 05,☆☆☆☆☆☆☆☆☆☆,Wreck-it Ralph,Base Game,Gardening,Yellow,--,--
TripleDent Gum Wrapper Memory # 01,☆,Inside Out,Base Game,--,--,--,--
TripleDent Gum Wrapper Memory # 02,☆,Inside Out,Base Game,--,--,--,--
TripleDent Gum Wrapper Memory # 03,☆,Inside Out,Base Game,--,--,--,--
TripleDent Gum Wrapper Memory # 04,☆,Inside Out,Base Game,--,--,--,--
TripleDent Gum Wrapper Memory # 05,☆,Inside Out,Base Game,--,--,--,--
TripleDent Gum Wrapper Memory # 06,☆,Inside Out,Base Game,--,--,--,--
TripleDent Gum Wrapper Memory # 07,☆,Inside Out,Base Game,--,--,--,--
TripleDent Gum Wrapper Memory # 08,☆,Inside Out,Base Game,--,--,--,--
TripleDent Gum Wrapper Memory # 09,☆,Inside Out,Base Game,--,--,--,--
TripleDent Gum Wrapper Memory # 10,☆,Inside Out,Base Game,--,--,--,--
Mulan Memory #01,☆☆☆☆☆☆☆☆☆☆,,Wishblossom Ranch,,,,
Mulan Memory #02,☆☆☆☆☆☆☆☆☆☆,,Wishblossom Ranch,,,,
Mulan Memory #03,☆☆☆☆☆☆☆☆☆☆,,Wishblossom Ranch,,,,
Mulan Memory #04,☆☆☆☆☆☆☆☆☆☆,,Wishblossom Ranch,,,,
Mulan Memory #05,☆☆☆☆☆☆☆☆☆☆,,Wishblossom Ranch,,,,
One Hundred and One Dalmations Memory #01,☆☆☆☆☆☆☆☆☆☆,,Wishblossom Ranch,,,,
One Hundred and One Dalmations Memory #02,☆☆☆☆☆☆☆☆☆☆,,Wishblossom Ranch,,,,
One Hundred and One Dalmations Memory #03,☆☆☆☆☆☆☆☆☆☆,,Wishblossom Ranch,,,,
One Hundred and One Dalmations Memory #04,☆☆☆☆☆☆☆☆☆☆,,Wishblossom Ranch,,,,
One Hundred and One Dalmations Memory #05,☆☆☆☆☆☆☆☆☆☆,,Wishblossom Ranch,,,,
Peter Pan Memory #01,☆☆☆☆☆☆☆☆☆☆,,Wishblossom Ranch,,,,
Peter Pan Memory #02,☆☆☆☆☆☆☆☆☆☆,,Wishblossom Ranch,,,,
Peter Pan Memory #03,☆☆☆☆☆☆☆☆☆☆,,Wishblossom Ranch,,,,
Peter Pan Memory #04,☆☆☆☆☆☆☆☆☆☆,,Wishblossom Ranch,,,,
Peter Pan Memory #05,☆☆☆☆☆☆☆☆☆☆,,Wishblossom Ranch,,,,
Snow White Memory #01,☆☆☆☆☆☆☆☆☆☆,,Wishblossom Ranch,,,,
Snow White Memory #02,☆☆☆☆☆☆☆☆☆☆,,Wishblossom Ranch,,,,
Snow White Memory #03,☆☆☆☆☆☆☆☆☆☆,,Wishblossom Ranch,,,,
Snow White Memory #04,☆☆☆☆☆☆☆☆☆☆,,Wishblossom Ranch,,,,
Snow White Memory #05,☆☆☆☆☆☆☆☆☆☆,,Wishblossom Ranch,,,,
Winnie the Pooh Memory #01,☆☆☆☆☆☆☆☆☆☆,,Wishblossom Ranch,,,,
Winnie the Pooh Memory #02,☆☆☆☆☆☆☆☆☆☆,,Wishblossom Ranch,,,,
Winnie the Pooh Memory #03,☆☆☆☆☆☆☆☆☆☆,,Wishblossom Ranch,,,,
Winnie the Pooh Memory #04,☆☆☆☆☆☆☆☆☆☆,,Wishblossom Ranch,,,,
Winnie the Pooh Memory #05,☆☆☆☆☆☆☆☆☆☆,,Wishblossom Ranch,,,,